"","initials","year_pub","journal_id","volume","issue","first_author","include","reason"
"1","MB",2020,"EL",23,6,"Shoemaker","No","No Tables"
"2","MB",2020,"EL",23,6,"Siepielski","Yes",NA
"3","MB",2020,"EL",23,6,"Sol","No","No Tables"
"4","MB",2020,"EL",23,6,"Heinen","No","No Tables"
"5","MB",2020,"EL",23,6,"Karakoc","No","No Tables"
"6","MB",2020,"EL",23,6,"Spagopoulou","Yes",NA
"7","MB",2020,"EL",23,6,"Li","No","Paper Type"
"8","MB",2020,"EL",23,6,"Jaquet","No","No Tables"
"9","MB",2020,"EL",23,5,"Lindberg","No","No Tables"
"10","MB",2020,"EL",23,5,"Muthukrishnan","No","No Tables"
"11","MB",2020,"EL",23,5,"Conradi","No","Paper Type"
"12","MB",2020,"EL",23,5,"Kentie","No","No Tables"
"13","MB",2020,"EL",23,5,"Zhang","No","Paper Type"
"14","MB",2020,"EL",23,5,"Hagmayer","Yes",NA
"15","MB",2020,"EL",23,5,"Studd","No","No Tables"
"16","MB",2020,"EL",23,5,"Mutanen","No","No Tables"
"17","MB",2020,"EL",23,5,"Ruiz","No","No Tables"
"18","MB",2020,"EL",23,5,"Andrello","No","No Tables"
"19","MB",2020,"EL",23,5,"Matsubayashi","No","No Tables"
"20","MB",2020,"EL",23,3,"Martinig","Yes",NA
"21","MB",2020,"EL",23,3,"Silvestro","No","Paper Type"
"22","MB",2020,"EL",23,3,"Cattelan","Yes",NA
"23","MB",2020,"EL",23,3,"Bestion","Yes",NA
"24","MB",2020,"EL",23,3,"Chen","No","No Tables"
"25","MB",2020,"EL",23,3,"Beaury","Yes",NA
"26","MB",2020,"EL",23,3,"Koontz","Yes",NA
"27","MB",2020,"EL",23,3,"Bolnick","Yes",NA
"28","MB",2020,"EL",23,3,"Rybicki","No","No Tables"
"29","MB",2020,"EL",23,3,"Field","No","No Tables"
"30","MB",2020,"EL",23,3,"Maurer","No","No Tables"
"31","MB",2020,"EL",23,3,"Faurby","Yes",NA
"32","MB",2020,"EL",23,3,"Ruedenauer","No","No Tables"
"33","MB",2020,"EL",23,3,"Osorio-Olvera","Yes",NA
"34","MB",2020,"EL",23,3,"Milutinovic","No","No Tables"
"35","MB",2020,"EL",23,1,"Bohner","No","No Tables"
"36","MB",2020,"EL",23,1,"Yang","No","No Tables"
"37","MB",2020,"EL",23,1,"Millette","No","No Tables"
"38","MB",2020,"EL",23,1,"Baniaga","No","No Tables"
"39","MB",2020,"EL",23,1,"Searle","Yes",NA
"40","MB",2020,"EL",23,1,"Wilbur","No","No Tables"
"41","MB",2020,"EL",23,1,"Staver","No","No Tables"
"42","MB",2020,"EL",23,1,"Dingemanse","No","No Tables"
"43","MB",2020,"EL",23,1,"Bennett","Yes",NA
"44","MB",2020,"EL",23,1,"Bergamo","Yes",NA
"45","MB",2020,"EL",23,1,"Ford","Yes",NA
"46","MB",2020,"EL",23,1,"Svensson","Yes",NA
"47","MB",2020,"EL",23,1,"Fung","Yes",NA
"48","MB",2020,"EL",23,1,"Fric","No","No Tables"
"49","MB",2020,"EL",23,1,"Anderson","No","No Tables"
"50","MB",2019,"EL",22,11,"Kohl","Yes",NA
"51","MB",2019,"EL",22,11,"Ho","No","No Tables"
"52","MB",2019,"EL",22,11,"Wickman","No","No Tables"
"53","MB",2019,"EL",22,11,"Riley","No","No Tables"
"54","MB",2019,"EL",22,11,"Proulx","No","No Tables"
"55","MB",2019,"EL",22,11,"Maynard","No","No Tables"
"56","MB",2019,"EL",22,11,"Marquez","Yes",NA
"57","MB",2019,"EL",22,11,"Merkle","No","No Tables"
"58","MB",2019,"EL",22,11,"Liu","No","No Tables"
"59","MB",2019,"EL",22,11,"Birzu","No","No Tables"
"60","MB",2019,"EL",22,11,"Limberger","No","No Tables"
"61","MB",2019,"EL",22,11,"McQueen","Yes",NA
"62","MB",2019,"EL",22,11,"Piovia-Scott","No","No Tables"
"63","MB",2019,"EL",22,11,"Aranguren-Gassis","No","No Tables"
"64","MB",2019,"EL",22,11,"Barrios-O'Neill","No","No Tables"
"65","MB",2019,"EL",22,11,"Cameron","Yes",NA
"66","MB",2019,"EL",22,11,"Nottingham","Yes",NA
"67","MB",2019,"EL",22,11,"Condamine","No","No Tables"
"68","MB",2019,"EL",22,9,"Shriver","No","No Tables"
"69","MB",2019,"EL",22,9,"Hackett","No","No Tables"
"70","MB",2019,"EL",22,9,"Zhang","No","No Tables"
"71","MB",2019,"EL",22,9,"Brehm","No","No Tables"
"72","MB",2019,"EL",22,9,"Struckman","Yes",NA
"73","MB",2019,"EL",22,9,"Malerba","No","No Tables"
"74","MB",2019,"EL",22,9,"Bastille-Rousseau","Yes",NA
"75","MB",2019,"EL",22,9,"O'Sullivan","No","No Tables"
"76","MB",2019,"EL",22,9,"Vila-Cabrera","Yes",NA
"77","MB",2019,"EL",22,9,"Luo","Yes",NA
"78","MB",2019,"EL",22,9,"Faithfull","No","No Tables"
"79","MB",2019,"EL",22,9,"Chacon-Labella","No","No Tables"
"80","MB",2019,"EL",22,9,"Veits","No","No Tables"
"81","MB",2019,"EL",22,9,"Marja","No","No Tables"
"82","MB",2019,"EL",22,7,"Ponisio","No","No Tables"
"83","MB",2019,"EL",22,7,"Tabi","No","No Tables"
"84","MB",2019,"EL",22,7,"Pos","No","No Tables"
"85","MB",2019,"EL",22,7,"Martin","No","No Tables"
"86","MB",2019,"EL",22,7,"Fanin","No","No Tables"
"87","MB",2019,"EL",22,7,"Koussoroplis","No","No Tables"
"88","MB",2019,"EL",22,7,"Shoemaker","No","No Tables"
"89","MB",2019,"EL",22,7,"McFadden","No","No Tables"
"90","MB",2019,"EL",22,7,"Borer","Yes",NA
"91","MB",2019,"EL",22,7,"Wubs","No","No Tables"
"92","MB",2019,"EL",22,7,"Zhao","No","No Tables"
"93","MB",2019,"EL",22,5,"Andrade-Restrepo","No","No Tables"
"94","MB",2019,"EL",22,5,"Lindmark","No","Paper Type"
"95","MB",2019,"EL",22,5,"Anderegg","No","No Tables"
"96","MB",2019,"EL",22,5,"Gamelon","Yes",NA
"97","MB",2019,"EL",22,5,"Hayden","No","No Tables"
"98","MB",2019,"EL",22,5,"Cohen","No","Paper Type"
"99","MB",2019,"EL",22,5,"Knowles","No","No Tables"
"100","MB",2019,"EL",22,5,"Rodriguez-Verdugo","Yes",NA
"101","MB",2019,"EL",22,5,"Dornelas","No","No Tables"
"102","MB",2019,"EL",22,5,"Aguirre-Gutierrez","Yes",NA
"103","MB",2019,"EL",22,5,"Torres-Martinez","No","No Tables"
"104","MB",2019,"EL",22,5,"Bird","No","Paper Type"
"105","MB",2019,"EL",22,5,"Dugo-Cota","No","Paper Type"
"106","MB",2019,"EL",22,3,"Moore","Yes",NA
"107","MB",2019,"EL",22,3,"Kelly","No","No Tables"
"108","MB",2019,"EL",22,3,"Song","No","No Tables"
"109","MB",2019,"EL",22,3,"Klumpers","Yes",NA
"110","MB",2019,"EL",22,3,"Brodie","No","No Tables"
"111","MB",2019,"EL",22,3,"Blanco","No","No Tables"
"112","MB",2019,"EL",22,3,"Fernandez","Yes",NA
"113","MB",2019,"EL",22,3,"Smith","No","No Tables"
"114","MB",2019,"EL",22,3,"Pettersen","No","Paper Type"
"115","MB",2019,"EL",22,3,"Healy","No","Paper Type"
"116","MB",2019,"EL",22,3,"Cushman","Yes",NA
"117","MB",2019,"EL",22,3,"Fecchio","No","Paper Type"
"118","MB",2019,"EL",22,1,"Caughlin","No","No Tables"
"119","MB",2019,"EL",22,1,"Endriss","No","No Tables"
"120","MB",2019,"EL",22,1,"Chen","No","No Tables"
"121","MB",2019,"EL",22,1,"Bartlett","No","Paper Type"
"122","MB",2019,"EL",22,1,"Hargreaves","No","No Tables"
"123","MB",2019,"EL",22,1,"Trekels","No","No Tables"
"124","MB",2019,"EL",22,1,"Schermer","Yes",NA
"125","MB",2019,"EL",22,1,"Biasazin","No","No Tables"
"126","MB",2019,"EL",22,1,"Kannenberg","No","No Tables"
"127","MB",2019,"EL",22,1,"Maldonado","No","No Tables"
"128","MB",2019,"EL",22,1,"Halliday","Yes",NA
"129","MB",2019,"EL",22,1,"Li","No","No Tables"
"130","MB",2019,"EL",22,1,"Walker","No","No Tables"
"131","MB",2019,"EL",22,1,"Penone","Yes",NA
"132","MB",2019,"EL",22,1,"DeMalach","Yes",NA
"133","MB",2019,"EL",22,1,"Hemingson","Yes",NA
"134","MB",2018,"EL",21,11,"Hawn","No","No Tables"
"135","MB",2018,"EL",21,11,"Kreyling","No","Paper Type"
"136","MB",2018,"EL",21,11,"Carrillo","No","No Tables"
"137","MB",2018,"EL",21,11,"Toussaint","Yes",NA
"138","MB",2018,"EL",21,11,"Ohlmann","No","No Tables"
"139","MB",2018,"EL",21,11,"Satterfield","No","No Tables"
"140","MB",2018,"EL",21,11,"Crotty","No","No Tables"
"141","MB",2018,"EL",21,11,"Maldonado_Chaparro","No","No Tables"
"142","MB",2018,"EL",21,11,"Fijen","Yes",NA
"143","MB",2018,"EL",21,9,"Pluntz","No","No Tables"
"144","MB",2018,"EL",21,9,"Adler","No","No Tables"
"145","MB",2018,"EL",21,9,"Kadoya","No","No Tables"
"146","MB",2018,"EL",21,9,"Kristensen","No","No Tables"
"147","MB",2018,"EL",21,9,"Decker","Yes",NA
"148","MB",2018,"EL",21,9,"Hodapp","Yes",NA
"149","MB",2018,"EL",21,9,"Nadal","No","No Tables"
"150","MB",2018,"EL",21,9,"Guo","No","Paper Type"
"151","MB",2018,"EL",21,9,"Muhl","No","No Tables"
"152","MB",2018,"EL",21,9,"Davis","Yes",NA
"153","MB",2018,"EL",21,9,"Simpson","Yes",NA
"154","MB",2018,"EL",21,7,"Cusumano","No","No Tables"
"155","MB",2018,"EL",21,7,"Anderegg","No","No Tables"
"156","MB",2018,"EL",21,7,"Chadwick","No","No Tables"
"157","MB",2018,"EL",21,7,"Jucker","Yes",NA
"158","MB",2018,"EL",21,7,"Froy","Yes",NA
"159","MB",2018,"EL",21,7,"Koffel","No","No Tables"
"160","MB",2018,"EL",21,7,"Laiolo","No","No Tables"
"161","MB",2018,"EL",21,7,"Hodge","Yes",NA
"162","MB",2018,"EL",21,7,"Courbin","Yes",NA
"163","MB",2018,"EL",21,7,"Horton","No","No Tables"
"164","MB",2018,"EL",21,7,"Kato","No","No Tables"
"165","MB",2018,"EL",21,7,"Ruger","No","No Tables"
"166","MB",2018,"EL",21,7,"Ruegg","No","No Tables"
"167","MB",2018,"EL",21,7,"Okuzaki","Yes",NA
"168","MB",2018,"EL",21,5,"Defossez","No","No Tables"
"169","MB",2018,"EL",21,5,"Thomas","No","No Tables"
"170","MB",2018,"EL",21,5,"Booksmythe","Yes",NA
"171","MB",2018,"EL",21,5,"Medina","No","No Tables"
"172","MB",2018,"EL",21,5,"Smith-Ramesh","No","No Tables"
"173","MB",2018,"EL",21,5,"Bestion","No","Paper Type"
"174","MB",2018,"EL",21,5,"Sheppard","Yes",NA
"175","MB",2018,"EL",21,5,"Dijkstra","No","No Tables"
"176","MB",2018,"EL",21,5,"Correia","No","No Tables"
"177","MB",2018,"EL",21,5,"Civitello","No","No Tables"
"178","MB",2018,"EL",21,5,"Jonsson","Yes",NA
"179","MB",2018,"EL",21,5,"Liu","Yes",NA
"180","MB",2018,"EL",21,5,"Shefferson","No","No Tables"
"181","MB",2018,"EL",21,5,"Anderegg","No","No Tables"
"182","MB",2018,"EL",21,3,"Butler","No","Paper Type"
"183","MB",2018,"EL",21,3,"Nowakowski","Yes",NA
"184","MB",2018,"EL",21,3,"McLaren","No","No Tables"
"185","MB",2018,"EL",21,3,"Di Marco","No","No Tables"
"186","MB",2018,"EL",21,3,"Watcharamongkol","No","No Tables"
"187","MB",2018,"EL",21,3,"Janicke","No","Paper Type"
"188","MB",2018,"EL",21,3,"Kirchheimer","No","No Tables"
"189","MB",2018,"EL",21,3,"Rojas","Yes",NA
"190","MB",2018,"EL",21,3,"Laughlin","No","No Tables"
"191","MB",2018,"EL",21,1,"Hillebrand","No","No Tables"
"192","MB",2018,"EL",21,1,"Plas","No","No Tables"
"193","MB",2018,"EL",21,1,"Caselle","Yes",NA
"194","MB",2018,"EL",21,1,"Malerba","No","No Tables"
"195","MB",2018,"EL",21,1,"Abrahms","No","No Tables"
"196","MB",2018,"EL",21,1,"Antiqueira","No","No Tables"
"197","MB",2018,"EL",21,1,"Volf","Yes",NA
"198","MB",2018,"EL",21,1,"Massoud","No","No Tables"
"199","MB",2018,"EL",21,1,"Carlo","No","No Tables"
"200","MB",2018,"EL",21,1,"Hesse","No","No Tables"
"201","MB",2018,"EL",21,1,"Moorsel","No","No Tables"
"202","MB",2018,"EL",21,6,"Herbert-Dufresne","No","No Tables"
"203","MB",2018,"EL",21,6,"Chrisholm","No","No Tables"
"204","MB",2018,"EL",21,6,"Jeffers","Yes",NA
"205","MB",2018,"EL",21,6,"D'Andrea","No","No Tables"
"206","MB",2018,"EL",21,6,"Barneche","No","Paper Type"
"207","MB",2018,"EL",21,6,"La Sorte","No","No Tables"
"208","MB",2018,"EL",21,6,"Boonekamp","Yes",NA
"209","MB",2018,"EL",21,6,"Lanuza","Yes",NA
"210","MB",2018,"EL",21,6,"Cirtwill","No","No Tables"
"211","MB",2018,"EL",21,6,"Mladkova","Yes",NA
"212","MB",2018,"EL",21,6,"Tylianakis","Yes",NA
"213","PD",2020,"JOE",108,2,"Liu","Yes","na"
"214","PD",2020,"JOE",108,2,"Umaña","Yes","na"
"215","PD",2020,"JOE",108,2,"Neumann","Yes",""
"216","PD",2020,"JOE",108,2,"Staggmeier","No","No Tables"
"217","PD",2020,"JOE",108,2,"Martin-Guay","No","No Tables"
"218","PD",2020,"JOE",108,2,"Xi","No","No Tables"
"219","PD",2020,"JOE",108,2,"Hall","No","No Tables"
"220","PD",2020,"JOE",108,2,"Sollins","No","No Tables"
"221","PD",2020,"JOE",108,2,"Opedal","No","No Tables"
"222","PD",2020,"JOE",108,2,"Deveautour","No","No Tables"
"223","PD",2020,"JOE",108,2,"Henneron","No","No Tables"
"224","PD",2020,"JOE",108,2,"Bittebiere","No","No Tables"
"225","PD",2020,"JOE",108,2,"Wardle","No","No Tables"
"226","PD",2020,"JOE",108,2,"Merges","Yes","na"
"227","PD",2020,"JOE",108,2,"Holdo","Yes","na"
"228","PD",2020,"JOE",108,2,"Ma","No","No Tables"
"229","PD",2020,"JOE",108,2,"Qin","Yes","na"
"230","PD",2020,"JOE",108,2,"Guerrieri","No","No Tables"
"231","PD",2020,"JOE",108,2,"Alam","Yes","na"
"232","PD",2020,"JOE",108,2,"Osland","No","No Tables"
"233","PD",2020,"JOE",108,2,"Jourdan","No","No Tables"
"234","PD",2020,"JOE",108,2,"Liu","No","No Tables"
"235","PD",2020,"JOE",108,2,"Nield","No","Paper Type"
"236","PD",2020,"JOE",108,2,"Fang","No","No Tables"
"237","PD",2020,"JOE",108,2,"Sun","No","No Tables"
"238","PD",2020,"JOE",108,2,"Descombes","No","No Tables"
"239","PD",2020,"JOE",108,2,"Bufford","No","No Tables"
"240","PD",2020,"JOE",108,2,"Wagner","No","No Tables"
"241","PD",2020,"JOE",108,2,"Clark","No","No Tables"
"242","PD",2020,"JOE",108,2,"Mellado","No","No Tables"
"243","PD",2020,"JOE",108,2,"Smith","No","No Tables"
"244","PD",2019,"JOE",107,6,"Gao","No","No Tables"
"245","PD",2019,"JOE",107,6,"Ochoa-Hueso","No","No Tables"
"246","PD",2019,"JOE",107,6,"Wang","No","No Tables"
"247","PD",2019,"JOE",107,6,"Zhang","No","No Tables"
"248","PD",2019,"JOE",107,6,"Barceló","No","No Tables"
"249","PD",2019,"JOE",107,6,"Kantsa","Yes","na"
"250","PD",2019,"JOE",107,6,"Navarro-Cano","Yes","na"
"251","PD",2019,"JOE",107,6,"Menge","No","No Tables"
"252","PD",2019,"JOE",107,6,"Semchenko","No","No Tables"
"253","PD",2019,"JOE",107,6,"Chen","No","No Tables"
"254","PD",2019,"JOE",107,6,"Schäfer","No","No Tables"
"255","PD",2019,"JOE",107,6,"Fogelström","Yes","na"
"256","PD",2019,"JOE",107,6,"Linders","Yes","na"
"257","PD",2019,"JOE",107,6,"Sun","No","No Tables"
"258","PD",2019,"JOE",107,6,"Chen","Yes","na"
"259","PD",2019,"JOE",107,6,"Wang","Yes","na"
"260","PD",2019,"JOE",107,6,"Sun","No","No Tables"
"261","PD",2019,"JOE",107,6,"Sundqvist","No","No Tables"
"262","PD",2019,"JOE",107,6,"Wyatt","No","No Tables"
"263","PD",2019,"JOE",107,6,"Damgaard","No","Paper Type"
"264","PD",2019,"JOE",107,6,"Quintana-Ascencio","No","No Tables"
"265","PD",2019,"JOE",107,6,"Peralta","Yes","na"
"266","PD",2019,"JOE",107,6,"Havrilla","No","Paper Type"
"267","PD",2019,"JOE",107,6,"Hagenbo","Yes","na"
"268","PD",2019,"JOE",107,4,"Sankaran","No","No Tables"
"269","PD",2019,"JOE",107,4,"Shefferson","No","No Tables"
"270","PD",2019,"JOE",107,4,"Schroeder","No","No Tables"
"271","PD",2019,"JOE",107,4,"Jacquemyn","No","No Tables"
"272","PD",2019,"JOE",107,4,"Shefferson","No","No Tables"
"273","PD",2019,"JOE",107,4,"Pérez-Izquierdo","No","No Tables"
"274","PD",2019,"JOE",107,4,"Foisy","No","No Tables"
"275","PD",2019,"JOE",107,4,"Coley","No","No Tables"
"276","PD",2019,"JOE",107,4,"Goud","No","No Tables"
"277","PD",2019,"JOE",107,4,"Chagnon","No","No Tables"
"278","PD",2019,"JOE",107,4,"Reitalu","No","No Tables"
"279","PD",2019,"JOE",107,4,"Kuneš","No","No Tables"
"280","PD",2019,"JOE",107,4,"John Calder","No","No Tables"
"281","PD",2019,"JOE",107,4,"De Long","No","No Tables"
"282","PD",2019,"JOE",107,4,"Koyama","No","No Tables"
"283","PD",2019,"JOE",107,4,"Schütte","No","No Tables"
"284","PD",2019,"JOE",107,4,"Carrillo","No","No Tables"
"285","PD",2019,"JOE",107,4,"Slate","No","No Tables"
"286","PD",2019,"JOE",107,4,"Cagua","Yes","na"
"287","PD",2019,"JOE",107,4,"Wandrag","No","No Tables"
"288","PD",2019,"JOE",107,4,"Timerman","Yes","na"
"289","PD",2019,"JOE",107,4,"Yi","No","No Tables"
"290","PD",2019,"JOE",107,4,"Liang","No","No Tables"
"291","PD",2019,"JOE",107,4,"Wigley","No","No Tables"
"292","PD",2019,"JOE",107,4,"Zheng","No","No Tables"
"293","PD",2019,"JOE",107,4,"Sasaki","No","No Tables"
"294","PD",2019,"JOE",107,4,"Griffin","Yes","na"
"295","PD",2019,"JOE",107,4,"van der Heijden","No","No Tables"
"296","PD",2019,"JOE",107,4,"Wang","No","No Tables"
"297","PD",2019,"JOE",107,4,"Kahl","No","No Tables"
"298","PD",2019,"JOE",107,4,"iler","Yes","na"
"299","PD",2019,"JOE",107,4,"Wang","Yes","na"
"300","PD",2019,"JOE",107,4,"Boisvert-Marsh","Yes","na"
"301","PD",2019,"JOE",107,4,"Pardee","No","No Tables"
"302","PD",2019,"JOE",107,4,"Carroll","No","No Tables"
"303","PD",2019,"JOE",107,4,"St. Clair","No","No Tables"
"304","PD",2019,"JOE",107,4,"Pereira","No","No Tables"
"305","PD",2019,"JOE",107,2,"Chang","No","Paper Type"
"306","PD",2019,"JOE",107,2,"Prach","No","No Tables"
"307","PD",2019,"JOE",107,2,"Chang","No","No Tables"
"308","PD",2019,"JOE",107,2,"Fischer","No","No Tables"
"309","PD",2019,"JOE",107,2,"Clark","No","No Tables"
"310","PD",2019,"JOE",107,2,"Makoto","No","No Tables"
"311","PD",2019,"JOE",107,2,"van Breugel","Yes","na"
"312","PD",2019,"JOE",107,2,"Liu","No","No Tables"
"313","PD",2019,"JOE",107,2,"Duffin","No","No Tables"
"314","PD",2019,"JOE",107,2,"Turner","No","No Tables"
"315","PD",2019,"JOE",107,2,"Koziol","Yes","na"
"316","PD",2019,"JOE",107,2,"Teste","No","No Tables"
"317","PD",2019,"JOE",107,2,"Vowles","No","No Tables"
"318","PD",2019,"JOE",107,2,"Silvério","Yes","na"
"319","PD",2019,"JOE",107,2,"Arroyo","No","No Tables"
"320","PD",2019,"JOE",107,2,"Veresoglou","No","No Tables"
"321","PD",2019,"JOE",107,2,"Draper","No","No Tables"
"322","PD",2019,"JOE",107,2,"Rajala","No","No Tables"
"323","PD",2019,"JOE",107,2,"Vega-álvarez","Yes","na"
"324","PD",2019,"JOE",107,2,"Tatsumi","No","No Tables"
"325","PD",2019,"JOE",107,2,"Borges","Yes","na"
"326","PD",2019,"JOE",107,2,"Fricke","No","No Tables"
"327","PD",2019,"JOE",107,2,"Möhl","No","No Tables"
"328","PD",2019,"JOE",107,2,"Malecore","No","No Tables"
"329","PD",2019,"JOE",107,2,"Feng","No","No Tables"
"330","PD",2019,"JOE",107,2,"Valone","No","No Tables"
"331","PD",2019,"JOE",107,2,"Leunda","No","No Tables"
"332","PD",2019,"JOE",107,2,"Kleyer","No","No Tables"
"333","PD",2019,"JOE",107,2,"Mazziota","No","Paper Type"
"334","PD",2019,"JOE",107,2,"Kupers","No","No Tables"
"335","PD",2019,"JOE",107,2,"Sierra","Yes","na"
"336","PD",2019,"JOE",107,2,"Zambrano","No","No Tables"
"337","PD",2019,"JOE",107,2,"Zhu","No","No Tables"
"338","PD",2019,"JOE",107,2,"Loughnan","No","No Tables"
"339","PD",2019,"JOE",107,2,"Schrieber","No","No Tables"
"340","PD",2019,"JOE",107,2,"Mackie","No","No Tables"
"341","PD",2019,"JOE",107,2,"Hewitt","Yes","na"
"342","PD",2019,"JOE",107,2,"Buchowski","No","No Tables"
"343","PD",2019,"JOE",107,2,"Dinnage","No","No Tables"
"344","PD",2019,"JOE",107,2,"Thomas","No","Paper Type"
"345","PD",2018,"JOE",106,6,"Doss","No","Paper Type"
"346","PD",2018,"JOE",106,6,"Wooliver","No","No Tables"
"347","PD",2018,"JOE",106,6,"Muller","No","No Tables"
"348","PD",2018,"JOE",106,6,"Berenguer","No","No Tables"
"349","PD",2018,"JOE",106,6,"Benítez-Malvido","Yes","na"
"350","PD",2020,"S",367,6479,"Berdugo","No","No Tables"
"351","PD",2020,"S",368,6496,"Gregr","No","No Tables"
"352","PD",2020,"S",367,6481,"Knope","Yes","na"
"353","PD",2020,"S",368,6493,"Pashalidou","No","No Tables"
"354","PD",2020,"S",367,6474,"Rheindt","No","No Tables"
"355","PD",2020,"S",368,6487,"Ruger","No","No Tables"
"356","PD",2020,"S",368,6495,"Saintilan","No","No Tables"
"357","PD",2020,"S",367,6478,"Soroye","Yes","na"
"358","PD",2020,"S",368,6493,"Sullivan","Yes","na"
"359","PD",2020,"S",368,6489,"Van Klink","No","No Tables"
"360","PD",2020,"S",368,6494,"Waller","No","No Tables"
"361","PD",2020,"S",368,6492,"Zellweger","No","No Tables"
"362","PD",2020,"S",367,6479,"Zipkin","No","No Tables"
"363","PD",2019,"S",363,6423,"Ashton","Yes","na"
"364","PD",2019,"S",364,6436,"Atkins","Yes","na"
"365","PD",2019,"S",365,6448,"Baston","No","No Tables"
"366","PD",2019,"S",366,6470,"Betts","Yes","na"
"367","PD",2019,"S",366,6463,"Blowes","No","No Tables"
"368","PD",2019,"S",364,6446,"Brandl","Yes","na"
"369","PD",2019,"S",364,6442,"Brennan","No","No Tables"
"370","PD",2019,"S",366,6462,"Chaplin-Kramer","No","No Tables"
"371","PD",2019,"S",366,6461,"Chen","Yes","na"
"372","PD",2019,"S",365,6460,"Damschen","No","No Tables"
"373","PD",2019,"S",365,6458,"Eng","No","No Tables"
"374","PD",2019,"S",363,6432,"Forrestrier","No","supplementary materials doesn't work"
"375","PD",2019,"S",363,6430,"Free","No","No Tables"
"376","PD",2019,"S",366,6471,"Goldbogen","Yes","na"
"377","PD",2019,"S",363,6424,"Grab","Yes","na"
"378","PD",2019,"S",363,6425,"Grady","Yes","na"
"379","PD",2019,"S",366,6467,"Iverson","No","No Tables"
"380","PD",2019,"S",363,6423,"Lezine","No","No Tables"
"381","PD",2019,"S",363,6427,"Paniw","No","No Tables"
"382","PD",2019,"S",365,6450,"Park","No","No Tables"
"383","PD",2019,"S",366,6464,"Phillips","No","No Tables"
"384","PD",2019,"S",364,6446,"Ramesh","No","No Tables"
"385","PD",2019,"S",366,6467,"Rilling","Yes","na"
"386","PD",2019,"S",366,6461,"Rosenberg","Yes","na"
"387","PD",2019,"S",363,6434,"Scheele","Yes","na"
"388","PD",2019,"S",365,6457,"Shlesinger and Loya","No","No Tables"
"389","PD",2019,"S",365,6459,"Toth","No","No Tables"
"390","PD",2019,"S",363,6434,"Veldhuis","Yes","na"
"391","PD",2019,"S",366,6465,"Yamamuro","No","No Tables"
"392","PD",2018,"JOE",106,6,"Sangüesa-Barreda","Yes","na"
"393","PD",2018,"JOE",106,6,"Loiola","No","Paper Type"
"394","PD",2018,"JOE",106,6,"DiLeo","Yes","na"
"395","PD",2018,"JOE",106,6,"Souto-Vilarós","No","No Tables"
"396","PD",2018,"JOE",106,6,"Harrison","No","No Tables"
"397","PD",2018,"JOE",106,6,"Bezemer","No","No Tables"
"398","PD",2018,"JOE",106,6,"Harris","Yes","na"
"399","PD",2018,"JOE",106,6,"Zhou","No","No Tables"
"400","PD",2018,"JOE",106,6,"Milkereit","No","No Tables"
"401","PD",2018,"JOE",106,6,"Skaien","No","No Tables"
"402","PD",2018,"JOE",106,6,"Moreira","No","Paper Type"
"403","PD",2018,"JOE",106,6,"Bastías","No","No Tables"
"404","PD",2018,"JOE",106,6,"Burghardt","No","No Tables"
"405","PD",2018,"JOE",106,6,"Quintana-Ascencio","Yes","na"
"406","PD",2018,"JOE",106,6,"Souza","Yes","na"
"407","PD",2018,"JOE",106,6,"Kaufmann","No","No Tables"
"408","PD",2018,"JOE",106,6,"Visser","No","No Tables"
"409","PD",2018,"JOE",106,6,"Umaña","Yes","na"
"410","PD",2018,"JOE",106,6,"Allen","No","No Tables"
"411","PD",2018,"JOE",106,6,"Hapsari","No","No Tables"
"412","PD",2018,"JOE",106,4,"Blonder","No","No Tables"
"413","PD",2018,"JOE",106,4,"Hedi Wenk","No","No Tables"
"414","PD",2018,"JOE",106,4,"Beckman","No","No Tables"
"415","PD",2018,"JOE",106,4,"Garnier","No","No Tables"
"416","PD",2018,"JOE",106,4,"Cailleret","No","Paper Type"
"417","PD",2018,"JOE",106,4,"Fong","No","No Tables"
"418","PD",2018,"JOE",106,4,"Barbe","No","No Tables"
"419","PD",2018,"JOE",106,4,"Ran Lai","Yes","na"
"420","PD",2018,"JOE",106,4,"Krah","No","No Tables"
"421","PD",2018,"JOE",106,4,"Saiz","Yes","na"
"422","PD",2018,"JOE",106,4,"Grinath","No","No Tables"
"423","PD",2018,"JOE",106,4,"Bagchi","No","No Tables"
"424","PD",2018,"JOE",106,4,"Hasegawa","No","No Tables"
"425","PD",2018,"JOE",106,4,"Chitra-Tarak","No","No Tables"
"426","PD",2018,"JOE",106,4,"Sanders-DeMott","No","No Tables"
"427","PD",2018,"JOE",106,4,"Pfister","No","No Tables"
"428","PD",2018,"JOE",106,4,"Dovrat","No","No Tables"
"429","PD",2018,"JOE",106,4,"Merges","Yes","na"
"430","PD",2018,"JOE",106,4,"Hoyos-Santillan","No","No Tables"
"431","PD",2018,"JOE",106,4,"Wang","No","No Tables"
"432","PD",2018,"JOE",106,4,"Cubino","Yes","na"
"433","PD",2018,"JOE",106,4,"Li","No","No Tables"
"434","PD",2018,"JOE",106,4,"Conti","No","No Tables"
"435","PD",2018,"JOE",106,4,"Huang","No","No Tables"
"436","PD",2018,"JOE",106,4,"Jin","Yes","na"
"437","PD",2018,"JOE",106,4,"Baer","No","No Tables"
"438","PD",2018,"JOE",106,4,"Benito","Yes","na"
"439","PD",2018,"JOE",106,4,"Rowland","No","No Tables"
"440","PD",2018,"JOE",106,4,"Blonder","Yes","na"
"441","PD",2018,"JOE",106,4,"Löbel","No","Paper Type"
"442","PD",2018,"JOE",106,4,"Lovas-Kiss","No","No Tables"
"443","PD",2018,"JOE",106,4,"Thomas","No","No Tables"
"444","PD",2018,"JOE",106,2,"Wurzburger","No","Paper Type"
"445","PD",2018,"JOE",106,2,"Fernandez","No","No Tables"
"446","PD",2018,"JOE",106,2,"Treseder","No","No Tables"
"447","PD",2018,"JOE",106,2,"Hagenbo","No","No Tables"
"448","PD",2018,"JOE",106,2,"Jacobs","No","No Tables"
"449","PD",2018,"JOE",106,2,"Peay","Yes","na"
"450","PD",2018,"JOE",106,2,"Zhu","Yes","na"
"451","PD",2018,"JOE",106,2,"Maxwell Stevens","Yes","na"
"452","PD",2018,"JOE",106,2,"Myers-Smith","Yes","na"
"453","PD",2018,"JOE",106,2,"Fotis","No","No Tables"
"454","PD",2018,"JOE",106,2,"Lazarus","Yes","na"
"455","PD",2018,"JOE",106,2,"Chen","No","No Tables"
"456","PD",2018,"JOE",106,2,"Krab","No","No Tables"
"457","PD",2018,"JOE",106,2,"Peltier","No","Paper Type"
"458","PD",2018,"JOE",106,2,"Redmond","No","No Tables"
"459","PD",2018,"JOE",106,2,"Gamm","No","No Tables"
"460","PD",2018,"JOE",106,2,"Stagg","Yes","na"
"461","PD",2018,"JOE",106,2,"Lenda","Yes","na"
"462","PD",2018,"JOE",106,2,"Kuebbing","No","No Tables"
"463","PD",2018,"JOE",106,2,"Endriss","No","No Tables"
"464","PD",2018,"JOE",106,2,"Tewes","No","No Tables"
"465","PD",2018,"JOE",106,2,"Pearson","No","No Tables"
"466","PD",2018,"JOE",106,2,"García León","No","No Tables"
"467","PD",2018,"JOE",106,2,"Forrester","Yes","na"
"468","PD",2018,"JOE",106,2,"Lachmuth","Yes","na"
"469","PD",2018,"JOE",106,2,"Weidlich","No","No Tables"
"470","PD",2018,"JOE",106,2,"Visser","Yes","na"
"471","PD",2018,"JOE",106,2,"Clark","No","No Tables"
"472","PD",2018,"S",360,6389,"Barneche","No","Paper Type"
"473","PD",2018,"S",359,6381,"Burgess","No","No Tables"
"474","PD",2018,"S",362,6415,"Crall","Yes","na"
"475","PD",2018,"S",361,6407,"Curtis","No","No Tables"
"476","PD",2018,"S",359,6373,"Delgado-Baquerizo","No","No Tables"
"477","PD",2018,"S",361,6409,"Desforges","No","No Tables"
"478","PD",2018,"S",361,6405,"Deutsch","No","No Tables"
"479","PD",2018,"S",362,6421,"Dureuil","Yes","na"
"480","PD",2018,"S",359,6378,"Eyre","No","No Tables"
"481","PD",2018,"S",360,6394,"Gaynor","No","Paper Type"
"482","PD",2018,"S",361,6403,"Hu","No","No Tables"
"483","PD",2018,"S",362,6410,"Huang","No","No Tables"
"484","PD",2018,"S",359,6371,"Hughes","Yes","na"
"485","PD",2018,"S",361,6406,"Jesmer","No","No Tables"
"486","PD",2018,"S",362,6421,"Rocha","Yes","na"
"487","PD",2018,"S",359,6378,"Krodsma","Yes","na"
"488","PD",2018,"S",362,6415,"Kubelka","Yes","na"
"489","PD",2018,"S",359,6374,"Lamb","Yes","na"
"490","PD",2018,"S",361,6406,"Li","No","No Tables"
"491","PD",2018,"S",359,6380,"Moore","No","No Tables"
"492","PD",2018,"S",361,6405,"Nolan","No","No Tables"
"493","PD",2018,"S",360,6389,"O'Hanlon","No","No Tables"
"494","PD",2018,"S",361,6399,"Rangel","No","No Tables"
"495","PD",2018,"S",360,6386,"Reich","No","No Tables"
"496","PD",2018,"S",361,6399,"Rocha","No","No Tables"
"497","PD",2018,"S",360,6386,"Smith","Yes","na"
"498","PD",2018,"S",362,6417,"Stroeymeyt","No","No Tables"
"499","PD",2018,"S",359,6374,"Tucker","Yes","na"
"500","PD",2018,"S",361,6407,"Van Doren","No","No Tables"
"501","PD",2018,"S",359,6383,"Voyles","No","No Tables"
"502","PD",2018,"S",359,6377,"Winfree","No","No Tables"
"503","PD",2020,"N",581,7806,"Ibrahim","No","No Tables"
"504","PD",2018,"N",555,7697,"Albright","No","No Tables"
"505","PD",2019,"N",574,7777,"Alvarez","No","No Tables"
"506","PD",2018,"N",553,7687,"Amano","No","No Tables"
"507","PD",2018,"N",561,7724,"Anderegg","Yes","na"
"508","PD",2018,"N",560,7717,"Bahram","Yes","na"
"509","PD",2018,"N",562,7725,"Bjorkman","Yes","na"
"510","PD",2018,"N",562,7725,"Buermann","No","No Tables"
"511","PD",2020,"N",580,7805,"Chen","No","No Tables"
"512","PD",2019,"N",568,7751,"Ciais","No","No Error Reported"
"513","PD",2018,"N",553,7688,"Daskin","Yes","na"
"514","PD",2019,"N",573,7775,"Di Marco","No","No Tables"
"515","PD",2019,"N",564,7735,"Fadrique","No","No Tables"
"516","PD",2018,"N",559,7713,"Graham","No","No Tables"
"517","PD",2020,"N",580,7802,"Hanson","No","No Tables"
"518","PD",2020,"N",581,7806,"Hein","No","No Tables"
"519","PD",2020,"N",580,7801,"Hindell","No","No Tables"
"520","PD",2019,"N",574,7780,"Ho","No","No Tables"
"521","PD",2018,"N",556,7702,"Hughes","No","No Tables"
"522","PD",2019,"N",568,7752,"Hughes","Yes","na"
"523","PD",2020,"N",580,7802,"Jiang","No","No Tables"
"524","PD",2019,"N",570,7761,"Jonker","No","No Tables"
"525","PD",2018,"N",557,7707,"Kardol","No","No Tables"
"526","PD",2020,"N",580,7801,"Klages","No","No Tables"
"527","PD",2018,"N",558,7709,"Lowery","No","No Tables"
"528","PD",2018,"N",558,7708,"Merckx","Yes","na"
"529","PD",2019,"N",569,7757,"Osman","No","No Tables"
"530","PD",2018,"N",553,7687,"Pelligrini","Yes","na"
"531","PD",2018,"N",558,7710,"Perry","No","No Tables"
"532","PD",2019,"N",568,7750,"Peters","No","No Tables"
"533","PD",2019,"N",570,7759,"Pringle","Yes","na"
"534","ZE",2020,"E",101,3,"Zirbel","No","No Tables"
"535","ZE",2020,"E",101,3,"Pagano","No","No Tables"
"536","ZE",2020,"E",101,3,"Oli","Yes",NA
"537","ZE",2020,"E",101,3,"Gownaris","No","No Tables"
"538","ZE",2020,"E",101,3,"Elias","No","No Tables"
"539","ZE",2020,"E",101,3,"Thorn","No","No Tables"
"540","ZE",2020,"E",101,3,"Liu","No","No Tables"
"541","ZE",2020,"E",101,3,"Stephens","No","No Tables"
"542","ZE",2020,"E",101,3,"Ferlian","No","Paper Type"
"543","ZE",2020,"E",101,3,"Tatsumi","No","No Tables"
"544","ZE",2020,"E",101,3,"Rocca","No","No Tables"
"545","ZE",2020,"E",101,3,"Luimstra","No","No Tables"
"546","ZE",2020,"E",101,3,"Krueck","No","No Tables"
"547","ZE",2020,"E",101,3,"Jupe","No","No Tables"
"548","ZE",2020,"E",101,3,"Magnusson","No","Paper Type"
"549","ZE",2020,"E",101,3,"Requier","Yes",NA
"550","ZE",2020,"E",101,3,"Potapov","Yes",NA
"551","ZE",2020,"E",101,3,"Molina","No","No Tables"
"552","ZE",2020,"E",101,4,"Yeager","Yes",NA
"553","ZE",2020,"E",101,4,"Preston","Yes",NA
"554","ZE",2020,"E",101,4,"Wisnoski","Yes",NA
"555","ZE",2020,"E",101,4,"Peacher","No","No Tables"
"556","ZE",2020,"E",101,4,"Sauer","No","Paper Type"
"557","ZE",2020,"E",101,4,"Addis","No","No Tables"
"558","ZE",2020,"E",101,4,"Nelson","Yes",NA
"559","ZE",2020,"E",101,4,"Uya","No","No Tables"
"560","ZE",2020,"E",101,4,"Jessop","No","Paper Type"
"561","ZE",2020,"E",101,4,"Uiterwaal","Yes",NA
"562","ZE",2020,"E",101,4,"Tourneur","Yes",NA
"563","ZE",2020,"E",101,4,"Stephens","No","No Tables"
"564","ZE",2020,"E",101,4,"Mony","No","No Tables"
"565","ZE",2020,"E",101,4,"Kivlin","No","No Tables"
"566","ZE",2020,"E",101,4,"Laroche","No","No Tables"
"567","ZE",2020,"E",101,4,"Wilcox","No","No Tables"
"568","ZE",2020,"E",101,4,"Kelso","No","No Tables"
"569","ZE",2020,"E",101,4,"Srivastava","No","No Tables"
"570","ZE",2020,"E",101,4,"Spicer","No","No Tables"
"571","BN",2020,"E",101,5,"Velzen","No","No Tables"
"572","BN",2020,"E",101,6,"Start","No","No Tables"
"573","BN",2020,"E",101,6,"Prather","Yes",NA
"574","BN",2020,"E",101,6,"Bujan","Yes",NA
"575","BN",2020,"E",101,6,"Worthy","No","No Tables"
"576","BN",2020,"E",101,6,"D'Andrea","No","No Tables"
"577","BN",2020,"E",101,6,"Hurtado","No","No Tables"
"578","BN",2020,"E",101,6,"Xu","No","No Tables"
"579","BN",2020,"E",101,6,"Harris","No","No Tables"
"580","BN",2020,"E",101,6,"LaForgia","Yes",NA
"581","BN",2020,"E",101,6,"Leverkus","No","No Tables"
"582","BN",2020,"E",101,6,"Heinze","No","No Tables"
"583","BN",2020,"E",101,6,"Quigley","No","No Tables"
"584","BN",2020,"E",101,6,"Rinella","No","No Tables"
"585","BN",2020,"E",101,6,"Liao","No","No Tables"
"586","BN",2020,"E",101,6,"Siqueira","No","No Tables"
"587","BN",2020,"E",101,6,"Grosbois","Yes",NA
"588","BN",2020,"E",101,6,"Ghedini","No","No Tables"
"589","BN",2020,"E",101,6,"Badger","No","No Tables"
"590","ZE",2019,"E",100,12,"Kaspari","No","No Tables"
"591","ZE",2019,"E",100,12,"Buma","No","No Tables"
"592","ZE",2019,"E",100,12,"Ellison","No","No Tables"
"593","ZE",2019,"E",100,12,"Renne","No","No Tables"
"594","ZE",2019,"E",100,12,"Dawson","No","No Tables"
"595","ZE",2019,"E",100,12,"Minucci","Yes",NA
"596","ZE",2019,"E",100,12,"Pizano","No","No Tables"
"597","ZE",2019,"E",100,12,"Lopez-Rojo","Yes",NA
"598","ZE",2019,"E",100,12,"Maron","Yes",NA
"599","ZE",2019,"E",100,12,"Agrawal","No","No Tables"
"600","ZE",2019,"E",100,12,"Cheeke","Yes",NA
"601","ZE",2019,"E",100,12,"Welk","Yes",NA
"602","ZE",2019,"E",100,12,"Alba","No","No Tables"
"603","ZE",2019,"E",100,12,"Agudelo","No","No Tables"
"604","ZE",2019,"E",100,12,"Burson","No","No Tables"
"605","ZE",2019,"E",100,12,"Moeller ","No","No Tables"
"606","ZE",2019,"E",100,12,"Hofmann","No","No Tables"
"607","ZE",2019,"E",100,12,"Pigeon","Yes",NA
"608","ZE",2019,"E",100,12,"Chao","No","No Tables"
"609","ZE",2019,"E",100,10,"Chamberlin","No","No Tables"
"610","ZE",2019,"E",100,10,"Nell","No","No Tables"
"611","ZE",2019,"E",100,10,"Gough","Yes",NA
"612","ZE",2019,"E",100,10,"Butterfield","No","No Tables"
"613","ZE",2019,"E",100,10,"Zak","No","No Tables"
"614","ZE",2019,"E",100,10,"LoPresti","No","No Tables"
"615","ZE",2019,"E",100,10,"Cortez","No","Paper Type"
"616","ZE",2019,"E",100,10,"Nunez-Mir","No","No Tables"
"617","ZE",2019,"E",100,10,"Pfister","No","No Tables"
"618","ZE",2019,"E",100,10,"Cozzoli","No","Paper Type"
"619","ZE",2019,"E",100,10,"Davis","No","No Tables"
"620","ZE",2019,"E",100,10,"Esch","No","No Tables"
"621","ZE",2019,"E",100,10,"de Santiago-Hernandez","No","No Tables"
"622","ZE",2019,"E",100,10,"Odonne","No","No Tables"
"623","ZE",2019,"E",100,10,"Wasson","No","No Tables"
"624","ZE",2019,"E",100,10,"Fabritius","No","Paper Type"
"625","ZE",2019,"E",100,10,"Brousseau","Yes",NA
"626","ZE",2019,"E",100,10,"Preston","Yes",NA
"627","ZE",2019,"E",100,10,"McDowall","No","No Tables"
"628","ZE",2019,"E",100,8,"Litzow","No","No Tables"
"629","ZE",2019,"E",100,8,"Hicks","Yes",NA
"630","ZE",2019,"E",100,8,"Zepeda","No","No Tables"
"631","ZE",2019,"E",100,8,"Stroud","No","No Tables"
"632","ZE",2019,"E",100,8,"Germain","No","No Tables"
"633","ZE",2019,"E",100,8,"Bailey","Yes",NA
"634","ZE",2019,"E",100,8,"Anaya-Rojas","Yes",NA
"635","ZE",2019,"E",100,8,"Roberts","No","No Tables"
"636","ZE",2019,"E",100,8,"Moneghetti","No","No Tables"
"637","ZE",2019,"E",100,8,"Germany","Yes",NA
"638","ZE",2019,"E",100,8,"Visakorpi","Yes",NA
"639","ZE",2019,"E",100,8,"Kazenel","Yes",NA
"640","ZE",2019,"E",100,8,"Dynarski","No","No Tables"
"641","ZE",2019,"E",100,8,"Edelfeldt","No","No Tables"
"642","ZE",2019,"E",100,8,"Umana","Yes",NA
"643","ZE",2019,"E",100,8,"Tobler","No","Paper Type"
"644","ZE",2019,"E",100,8,"Van Klink","No","No Tables"
"645","ZE",2019,"E",100,8,"Karban","No","No Tables"
"646","ZE",2019,"E",100,8,"Ren","No","No Tables"
"647","ZE",2019,"E",100,8,"Chung","No","No Tables"
"648","ZE",2019,"E",100,8,"Loke","No","No Tables"
"649","ZE",2019,"E",100,8,"Yamaura","No","Paper Type"
"650","ZE",2019,"E",100,8,"Hacker","No","No Tables"
"651","ZE",2019,"E",100,6,"Johnson","No","Paper Type"
"652","ZE",2019,"E",100,6,"Moreira","No","Paper Type"
"653","ZE",2019,"E",100,6,"Tamashiro","No","No Tables"
"654","ZE",2019,"E",100,6,"Rypkema","No","No Tables"
"655","ZE",2019,"E",100,6,"Bastille-Rousseau","Yes",NA
"656","ZE",2019,"E",100,6,"Adams","No","No Tables"
"657","ZE",2019,"E",100,6,"Marleau","No","Paper Type"
"658","ZE",2019,"E",100,6,"Wimp","No","No Tables"
"659","ZE",2019,"E",100,6,"Waring","No","No Tables"
"660","ZE",2019,"E",100,6,"Wood","Yes",NA
"661","ZE",2019,"E",100,6,"Ulrich","No","No Tables"
"662","ZE",2019,"E",100,6,"Schwartz","No","No Tables"
"663","ZE",2019,"E",100,6,"Huryn","No","No Tables"
"664","ZE",2019,"E",100,6,"Alda","No","No Tables"
"665","ZE",2019,"E",100,6,"Dubart","No","Paper Type"
"666","ZE",2019,"E",100,6,"Yang","No","No Tables"
"667","ZE",2019,"E",100,4,"Lavender","No","No Tables"
"668","ZE",2019,"E",100,4,"Waddle","No","No Tables"
"669","ZE",2019,"E",100,4,"Hertzog","No","No Tables"
"670","ZE",2019,"E",100,4,"Johnston","Yes",NA
"671","ZE",2019,"E",100,4,"Ulrich","No","Paper Type"
"672","ZE",2019,"E",100,4,"Zhang","No","No Tables"
"673","ZE",2019,"E",100,4,"Nasto","No","No Tables"
"674","ZE",2019,"E",100,4,"Suraci","Yes",NA
"675","ZE",2019,"E",100,4,"Rosenblatt","No","No Tables"
"676","ZE",2019,"E",100,4,"Taylor","Yes",NA
"677","ZE",2019,"E",100,4,"Draper","No","No Tables"
"678","ZE",2019,"E",100,4,"Leinbach","No","No Tables"
"679","ZE",2019,"E",100,4,"Zirbel","No","No Tables"
"680","ZE",2019,"E",100,4,"Harvey","No","No Tables"
"681","ZE",2019,"E",100,4,"Cuellar-Gempeler","No","No Tables"
"682","ZE",2019,"E",100,4,"Lemoine","No","Paper Type"
"683","ZE",2019,"E",100,4,"Cheng","No","Paper Type"
"684","ZE",2019,"E",100,4,"Davies","No","No Tables"
"685","ZE",2019,"E",100,2,"Taylor","No","Paper Type"
"686","ZE",2019,"E",100,2,"Felton","No","No Tables"
"687","ZE",2019,"E",100,2,"McMeans","No","No Tables"
"688","ZE",2019,"E",100,2,"Ling","No","No Tables"
"689","ZE",2019,"E",100,2,"Ramiadantsoa","No","No Tables"
"690","ZE",2019,"E",100,2,"Lu","No","No Tables"
"691","ZE",2019,"E",100,2,"Nelson","No","Paper Type"
"692","ZE",2019,"E",100,2,"Jauker","No","No Tables"
"693","ZE",2019,"E",100,2,"Young","Yes",NA
"694","ZE",2019,"E",100,2,"Smith","No","Paper Type"
"695","ZE",2019,"E",100,2,"Trager","Yes",NA
"696","ZE",2019,"E",100,2,"Dal Bello","Yes",NA
"697","ZE",2018,"E",99,12,"Sedio","No","No Tables"
"698","ZE",2018,"E",99,12,"Vidal","No","No Tables"
"699","ZE",2018,"E",99,12,"Fahey","No","No Tables"
"700","ZE",2018,"E",99,12,"Whitaker","No","No Tables"
"701","ZE",2018,"E",99,12,"Clegg","No","No Tables"
"702","ZE",2018,"E",99,12,"Wang","No","Paper Type"
"703","ZE",2018,"E",99,12,"Moreira","No","No Tables"
"704","ZE",2018,"E",99,12,"Muscarella","No","Paper Type"
"705","ZE",2018,"E",99,12,"Haram","Yes",NA
"706","ZE",2018,"E",99,12,"Latombe","No","No Tables"
"707","ZE",2018,"E",99,12,"Toll","Yes",NA
"708","ZE",2018,"E",99,12,"Chen","No","Paper Type"
"709","ZE",2018,"E",99,12,"Boeken","No","No Tables"
"710","ZE",2018,"E",99,12,"White","No","No Tables"
"711","ZE",2018,"E",99,12,"Genovart","No","No Tables"
"712","ZE",2018,"E",99,12,"Marchetto","Yes",NA
"713","ZE",2018,"E",99,12,"Zemunik","No","No Tables"
"714","ZE",2018,"E",99,12,"Penczykowski","Yes",NA
"715","ZE",2018,"E",99,10,"Chisholm","No","No Tables"
"716","ZE",2018,"E",99,10,"Knapp","No","No Tables"
"717","ZE",2018,"E",99,10,"Thomann","No","No Tables"
"718","ZE",2018,"E",99,10,"Fletcher Jr. ","No","No Tables"
"719","ZE",2018,"E",99,10,"Farzan","No","No Tables"
"720","ZE",2018,"E",99,10,"DeMalach","No","Paper Type"
"721","ZE",2018,"E",99,10,"Douda","No","No Tables"
"722","ZE",2018,"E",99,10,"Simler","No","No Tables"
"723","ZE",2018,"E",99,10,"Luo","No","No Tables"
"724","ZE",2018,"E",99,10,"Xu","No","No Tables"
"725","ZE",2018,"E",99,10,"Spear","Yes",NA
"726","ZE",2018,"E",99,10,"Fry","No","No Tables"
"727","ZE",2018,"E",99,10,"Fortunel","Yes",NA
"728","ZE",2018,"E",99,10,"Parker","No","No Tables"
"729","ZE",2018,"E",99,10,"Roscher","No","No Tables"
"730","ZE",2018,"E",99,10,"Louthan","No","No Tables"
"731","ZE",2018,"E",99,10,"Moffett","No","No Tables"
"732","ZE",2018,"E",99,10,"García‐Callejas","No","Paper Type"
"733","ZE",2018,"E",99,10,"Wetzel","No","No Tables"
"734","ZE",2018,"E",99,10,"Homyak","Yes",NA
"735","ZE",2018,"E",99,10,"Marinos","No","No Tables"
"736","ZE",2018,"E",99,10,"D'Aloia","No","Paper Type"
"737","ZE",2018,"E",99,10,"Paterson","No","No Tables"
"738","ZE",2018,"E",99,8,"Rindi","No","No Tables"
"739","ZE",2018,"E",99,8,"Coverdale","No","No Tables"
"740","ZE",2018,"E",99,8,"Clappe","No","Paper Type"
"741","ZE",2018,"E",99,8,"jones","No","No Tables"
"742","ZE",2018,"E",99,8,"Compson","No","No Tables"
"743","ZE",2018,"E",99,8,"Greenop","No","Paper Type"
"744","ZE",2018,"E",99,8,"Wilson","Yes",NA
"745","ZE",2018,"E",99,8,"Allgeier","No","No Tables"
"746","ZE",2018,"E",99,8,"Groner","Yes",NA
"747","ZE",2018,"E",99,8,"Lichtenberg","No","No Tables"
"748","ZE",2018,"E",99,8,"Taylor","No","Paper Type"
"749","ZE",2018,"E",99,8,"Veen","No","No Tables"
"750","ZE",2018,"E",99,8,"yang","No","No Tables"
"751","ZE",2018,"E",99,8,"LaRue","No","No Tables"
"752","ZE",2018,"E",99,8,"Robinson","No","No Tables"
"753","ZE",2018,"E",99,8,"Salant","No","No Tables"
"754","ZE",2018,"E",99,6,"Hulvey","Yes",NA
"755","ZE",2018,"E",99,6,"Cahoon","Yes",NA
"756","ZE",2018,"E",99,6,"Pearson","No","No Tables"
"757","ZE",2018,"E",99,6,"Andrew","Yes",NA
"758","ZE",2018,"E",99,6,"Larsen","No","No Tables"
"759","ZE",2018,"E",99,6,"Tang","No","No Tables"
"760","ZE",2018,"E",99,6,"Martinez","Yes",NA
"761","ZE",2018,"E",99,6,"Álvarez‐Noriega","Yes",NA
"762","ZE",2018,"E",99,6,"Morello","No","No Tables"
"763","ZE",2018,"E",99,6,"Benke","No","No Tables"
"764","ZE",2018,"E",99,6,"Zhang","No","No Tables"
"765","ZE",2018,"E",99,6,"Walter","Yes",NA
"766","ZE",2018,"E",99,6,"Zimmerman","No","No Tables"
"767","ZE",2018,"E",99,6,"Daleo","No","No Tables"
"768","ZE",2018,"E",99,6,"Johnson","No","No Tables"
"769","ZE",2018,"E",99,6,"Allen","No","No Tables"
"770","ZE",2018,"E",99,6,"Baker","Yes",NA
"771","ZE",2018,"E",99,6,"Hausch","No","No Tables"
"772","ZE",2018,"E",99,6,"Mehner","No","No Tables"
"773","ZE",2018,"E",99,6,"Tucker","No","Paper Type"
"774","ZE",2018,"E",99,6,"Bennett","Yes",NA
"775","ZE",2018,"E",99,4,"Li","No","No Tables"
"776","ZE",2018,"E",99,4,"Prather","No","No Tables"
"777","ZE",2018,"E",99,4,"Kindinger","No","No Tables"
"778","ZE",2018,"E",99,4,"Maynard","No","No Tables"
"779","ZE",2018,"E",99,4,"Yackulic","No","Paper Type"
"780","ZE",2018,"E",99,4,"Anderson","No","No Tables"
"781","ZE",2018,"E",99,4,"Cornacchia","No","Paper Type"
"782","ZE",2018,"E",99,4,"Qi","No","No Tables"
"783","ZE",2018,"E",99,4,"Collins","Yes",NA
"784","ZE",2018,"E",99,4,"Zhang","No","Paper Type"
"785","ZE",2018,"E",99,4,"Williams ","No","No Tables"
"786","ZE",2018,"E",99,4,"Rogers","Yes",NA
"787","ZE",2018,"E",99,4,"LaForgia","Yes",NA
"788","ZE",2018,"E",99,4,"Singer","Yes",NA
"789","ZE",2018,"E",99,4,"Tenhumberg","No","No Tables"
"790","ZE",2018,"E",99,4,"Austen","Yes",NA
"791","ZE",2018,"E",99,4,"Morton","Yes",NA
"792","ZE",2018,"E",99,4,"Marion","No","Paper Type"
"793","ZE",2018,"E",99,4,"Uya","No","No Tables"
"794","ZE",2018,"E",99,4,"Hansen","No","No Tables"
"795","ZE",2018,"E",99,2,"Fogarty","Yes",NA
"796","ZE",2018,"E",99,2,"Fernandez-Conradi","No","No Tables"
"797","ZE",2018,"E",99,2,"Andriuzzi","No","No Tables"
"798","ZE",2018,"E",99,2,"Choudoir","No","No Tables"
"799","ZE",2018,"E",99,2,"Prior","No","No Tables"
"800","ZE",2018,"E",99,2,"Demi","No","No Tables"
"801","ZE",2018,"E",99,2,"Leps","No","No Tables"
"802","ZE",2018,"E",99,2,"Bachelot","No","Paper Type"
"803","ZE",2018,"E",99,2,"Duarte","No","Paper Type"
"804","ZE",2018,"E",99,2,"Haan ","No","No Tables"
"805","ZE",2018,"E",99,2,"Ibanez","No","No Tables"
"806","ZE",2018,"E",99,2,"Shlesinger","No","No Tables"
"807","ZE",2018,"E",99,2,"Goswami","No","No Tables"
"808","ZE",2018,"E",99,2,"Rogers","No","No Tables"
"809","ZE",2018,"E",99,2,"Maron","No","No Tables"
"810","ZE",2018,"E",99,2,"Hakkenberg","No","No Tables"
"811","ZE",2018,"EL",21,2,"Lindmark","No","Paper Type"
"812","ZE",2018,"EL",21,2,"Jurgens","Yes",NA
"813","ZE",2018,"EL",21,2,"Urabe","No","No Tables"
"814","ZE",2018,"EL",21,2,"Macdonald","No","No Tables"
"815","ZE",2018,"EL",21,2,"Jo","No","No Tables"
"816","ZE",2018,"EL",21,2,"Petegem","No","No Tables"
"817","ZE",2018,"EL",21,2,"Grifﬁn","Yes",NA
"818","ZE",2018,"EL",21,2,"Stevens‐Rumann","Yes",NA
"819","ZE",2018,"EL",21,2,"Rodrıguez-Nevado","No","No Tables"
"820","ZE",2018,"EL",21,2,"Kagawa","No","No Tables"
"821","ZE",2018,"EL",21,2,"Paniw","No","No Tables"
"822","ZE",2018,"EL",21,2,"Auer","Yes",NA
"823","ZE",2018,"EL",21,2,"abbott","No","No Tables"
"824","ZE",2018,"EL",21,2,"Silk","No","No Tables"
"825","ZE",2018,"EL",21,4,"Faust","No","Paper Type"
"826","ZE",2018,"EL",21,4,"Emer","No","No Tables"
"827","ZE",2018,"EL",21,4,"Clark","No","No Tables"
"828","ZE",2018,"EL",21,4,"Zhu","No","No Tables"
"829","ZE",2018,"EL",21,4,"Rivett","No","No Tables"
"830","ZE",2018,"EL",21,4,"Poff","No","No Tables"
"831","ZE",2018,"EL",21,4,"Budischak","Yes",NA
"832","ZE",2018,"EL",21,4,"Pascoal","No","No Tables"
"833","ZE",2018,"EL",21,4,"Beale","No","medians"
"834","ZE",2018,"EL",21,4,"Galic","No","Paper Type"
"835","ZE",2018,"EL",21,4,"Baskett","No","No Tables"
"836","YL",2020,"E",101,1,"Yang","No","No Tables"
"837","YL",2020,"E",101,1,"Stewart","No","Paper Type"
"838","YL",2020,"E",101,1,"Freeman","Yes","Table (Experiment)"
"839","YL",2020,"E",101,1,"Barry","No","No Tables"
"840","YL",2020,"E",101,1,"Lajtha","No","No Tables"
"841","YL",2020,"E",101,1,"Morton","No","No Tables"
"842","YL",2020,"E",101,1,"Castorani","No","No Tables"
"843","YL",2020,"E",101,1,"Frenken","No","No Tables"
"844","YL",2020,"E",101,1,"Ciannelli","No","No Tables"
"845","YL",2020,"E",101,1,"Lamb","No","No Tables"
"846","YL",2020,"E",101,1,"Hoffmann","No","Paper Type"
"847","YL",2020,"E",101,1,"Giejszotowt","No","No Tables"
"848","YL",2020,"E",101,1,"Löffler","No","No Tables"
"849","YL",2020,"E",101,1,"Papp","No","No Tables"
"850","YL",2020,"E",101,1,"Dobson","Yes","Table (Experiment+Observation)"
"851","YL",2020,"E",101,1,"Thibaut","No","No Tables"
"852","YL",2020,"E",101,1,"Lee","No","No Tables"
"853","YL",2020,"E",101,1,"Roberts","No","No Tables"
"854","YL",2020,"E",101,1,"Journé","No","No Tables"
"855","YL",2020,"E",101,1,"Coblentz","No","No Tables"
"856","YL",2020,"E",101,2,"Tikhonov","No","No Tables"
"857","YL",2020,"E",101,2,"O’Connor","No","No Tables"
"858","YL",2020,"E",101,2,"Salazar","No","Paper Type"
"859","YL",2020,"E",101,2,"Baldwin","No","Paper Type"
"860","YL",2020,"E",101,2,"Merchand","No","No Tables"
"861","YL",2020,"E",101,2,"Gross","No","No Tables"
"862","YL",2020,"E",101,2,"Charles","No","No Tables"
"863","YL",2020,"E",101,2,"López‐Delgado","No","No Tables"
"864","YL",2020,"E",101,2,"Randall","No","No Tables"
"865","YL",2020,"E",101,2,"Yeruham","No","No Tables"
"866","YL",2020,"E",101,2,"Grabowski","No","No Tables"
"867","YL",2020,"E",101,2,"Haak","No","No Tables"
"868","YL",2020,"E",101,2,"Gamble","No","Paper Type"
"869","YL",2020,"E",101,2,"Karatayev","No","No Tables"
"870","YL",2020,"E",101,2,"Winnicki","Yes","Table"
"871","YL",2020,"E",101,2,"Barve","No","No Tables"
"872","YL",2020,"E",101,5,"Merinero","Yes","Table (Observation)"
"873","YL",2020,"E",101,5,"Andrus","Yes","Table (Experiment)"
"874","YL",2020,"E",101,5,"Bharath","Yes","Table (Experiment)"
"875","YL",2019,"E",100,1,"Resasco","No","No Tables"
"876","YL",2019,"E",100,1,"Durden","Yes","Table (Experiment)"
"877","YL",2019,"E",100,1,"Shima","No","No Tables"
"878","YL",2019,"E",100,1,"Jonsen","No","No Tables"
"879","YL",2019,"E",100,1,"Anderson","No","Paper Type"
"880","YL",2019,"E",100,1,"Elderd","No","No Tables"
"881","YL",2019,"E",100,1,"Daou","No","No Tables"
"882","YL",2019,"E",100,1,"He","No","No Tables"
"883","YL",2019,"E",100,1,"Rana","No","No Tables"
"884","YL",2019,"E",100,1,"Peng","No","Paper Type"
"885","YL",2019,"E",100,1,"Michelot","No","Paper Type"
"886","YL",2019,"E",100,1,"Leasure","No","No Tables"
"887","YL",2019,"E",100,1,"Lindestad","Yes","Table"
"888","YL",2019,"E",100,1,"Haverkamp","No","No Tables"
"889","YL",2019,"E",100,1,"Coloma","No","No Tables"
"890","YL",2019,"E",100,1,"Umaña","Yes","Table (Observation)"
"891","YL",2019,"E",100,3,"Welti","No","No Tables"
"892","YL",2019,"E",100,3,"Muth","No","No Tables"
"893","YL",2019,"E",100,3,"Tenan","No","Paper Type"
"894","YL",2019,"E",100,3,"Wells","No","No Tables"
"895","YL",2019,"E",100,3,"Lazarina","No","No Tables"
"896","YL",2019,"E",100,3,"Turner","No","No Tables"
"897","YL",2019,"E",100,3,"Edumunds","No","No Tables"
"898","YL",2019,"E",100,3,"Marino Jr.","No","No Tables"
"899","YL",2019,"E",100,3,"Caplan","No","No Tables"
"900","YL",2019,"E",100,3,"McFadden","No","No Tables"
"901","YL",2019,"E",100,3,"Zhang","No","No Tables"
"902","YL",2019,"E",100,3,"Lindsay","No","No Tables"
"903","YL",2019,"E",100,3,"Losapio","Yes","Table (Experiment)"
"904","YL",2019,"E",100,3,"Wang","No","No Tables"
"905","YL",2019,"E",100,3,"Guo","No","No Error Reported"
"906","YL",2019,"E",100,3,"Dunn","Yes","Table"
"907","YL",2019,"E",100,5,"Larson","No","No Tables"
"908","YL",2019,"E",100,5,"Jarvis","No","No Tables"
"909","YL",2019,"E",100,5,"Lowe","No","No Tables"
"910","YL",2019,"E",100,5,"Pessarrodona","Yes","Table"
"911","YL",2019,"E",100,5,"Hung","No","No Error Reported"
"912","YL",2019,"E",100,5,"Schnitzer","No","No Tables"
"913","YL",2019,"E",100,5,"Wilson","No","No Tables"
"914","YL",2019,"E",100,5,"Zhao","No","No Tables"
"915","YL",2019,"E",100,5,"Terborgh","No","No Tables"
"916","YL",2019,"E",100,5,"Yuan","No","No Error Reported"
"917","YL",2019,"E",100,5,"Armitage","Yes","Table"
"918","YL",2019,"E",100,5,"Brodie","No","Paper Type"
"919","YL",2019,"E",100,5,"Hock","No","No Tables"
"920","YL",2019,"E",100,5,"Sande","Yes","Table(Observation)"
"921","YL",2019,"E",100,5,"Dillon","Yes","Table(Observation)"
"922","YL",2019,"E",100,5,"Mahon","Yes","Table"
"923","YL",2019,"E",100,5,"Bashevkin","Yes","Table (Experiment)"
"924","YL",2019,"E",100,5,"Denk","No","Paper Type"
"925","YL",2019,"E",100,5,"Buchkowski","No","Paper Type"
"926","YL",2019,"E",100,5,"Viera‐Pérez","No","No Tables"
"927","YL",2019,"E",100,7,"Brooks","No","No Tables"
"928","YL",2019,"E",100,7,"Smith","Yes","Table(Observation)"
"929","YL",2019,"E",100,7,"Ng'weno","No","No Tables"
"930","YL",2019,"E",100,7,"Pillai","No","No Tables"
"931","YL",2019,"E",100,7,"Lamy","No","No Tables"
"932","YL",2019,"E",100,7,"Dove","No","Paper Type"
"933","YL",2019,"E",100,7,"Crone","No","No Tables"
"934","YL",2019,"E",100,7,"Majumder","No","No Tables"
"935","YL",2019,"E",100,7,"Schreiber","No","No Tables"
"936","YL",2019,"E",100,7,"LeCraw","No","No Tables"
"937","YL",2019,"E",100,7,"Portier","No","No Tables"
"938","YL",2019,"E",100,7,"Stotz","No","No Tables"
"939","YL",2019,"E",100,7,"Menegotto","No","No Error Reported"
"940","YL",2019,"E",100,7,"Simon","No","No Tables"
"941","YL",2019,"E",100,7,"Donnelly","No","No Tables"
"942","YL",2019,"E",100,7,"Stark","No","No Tables"
"943","YL",2019,"E",100,7,"Butler","No","No Tables"
"944","YL",2019,"E",100,7,"Tierney","Yes","Table"
"945","YL",2019,"E",100,9,"Weinstein","Yes","Table(Observation)"
"946","YL",2019,"E",100,9,"Brook","No","No Tables"
"947","YL",2019,"E",100,9,"Mougeot","Yes","Table"
"948","YL",2019,"E",100,9,"Stavert","Yes","Table(Experimental)"
"949","YL",2019,"E",100,9,"Allsup","Yes","Table(Experimental)"
"950","YL",2019,"E",100,9,"Seabloom","No","No Error Reported"
"951","YL",2019,"E",100,9,"Virta","No","No Tables"
"952","YL",2019,"E",100,9,"Laidre","No","No Tables"
"953","YL",2019,"E",100,9,"Start","No","No Tables"
"954","YL",2019,"E",100,9,"Li","No","Paper Type"
"955","YL",2019,"E",100,9,"Chen","No","No Tables"
"956","YL",2019,"E",100,9,"Meng","No","No Tables"
"957","YL",2019,"E",100,9,"Sun","No","No Tables"
"958","YL",2019,"E",100,9,"Toth","No","No Tables"
"959","YL",2019,"E",100,9,"Crowder","No","No Tables"
"960","YL",2019,"E",100,9,"Crees","No","No Tables"
"961","YL",2019,"E",100,9,"Baudouin","No","No Tables"
"962","YL",2019,"E",100,9,"Lee","Yes","Table"
"963","YL",2019,"E",100,9,"Wang","No","No Tables"
"964","YL",2019,"E",100,9,"Stanton","No","No Tables"
"965","YL",2019,"E",100,9,"Pinheiro","No","Paper Type"
"966","YL",2019,"E",100,11,"Bortolus","No","No Tables"
"967","YL",2019,"E",100,11,"Maute","No","No Tables"
"968","YL",2019,"E",100,11,"Wyk","No","No Tables"
"969","YL",2019,"E",100,11,"Clark","No","No Error Reported"
"970","YL",2019,"E",100,11,"Bledsoe","No","No Tables"
"971","YL",2019,"E",100,11,"Santos","Yes","Table"
"972","YL",2019,"E",100,11,"Case","Yes","Table"
"973","YL",2019,"E",100,11,"Smith-Martin","Yes","Table(Experimental)"
"974","YL",2019,"E",100,11,"Zhang","No","No Tables"
"975","YL",2019,"E",100,11,"Renne","No","No Tables"
"976","YL",2019,"E",100,11,"Schouten","No","No Tables"
"977","YL",2019,"E",100,11,"Chen","No","No Tables"
"978","YL",2019,"E",100,11,"Meunier","No","No Tables"
"979","YL",2019,"E",100,11,"Morales-Molino","No","No Tables"
"980","YL",2019,"E",100,11,"Chen","No","No Error Reported"
"981","YL",2019,"E",100,11,"Zhou","No","No Tables"
"982","YL",2019,"E",100,11,"Passy","No","No Tables"
"983","YL",2019,"E",100,11,"Gerhard","No","No Tables"
"984","YL",2019,"E",100,11,"Garcia","Yes","Table(Experimental)"
"985","YL",2019,"E",100,11,"Carter","No","No Tables"
"986","YL",2019,"E",100,11,"Gil","No","No Tables"
"987","YL",2019,"E",100,11,"Strauss","No","No Tables"
"988","YL",2019,"E",100,11,"García‐Callejas","No","No Tables"
"989","YL",2019,"E",99,1,"DeLong","No","Paper Type"
"990","YL",2019,"E",99,1,"Barton","No","No Tables"
"991","YL",2019,"E",99,1,"Chacoff","Yes","Table"
"992","YL",2019,"E",99,1,"Reynolds","Yes","Table"
"993","YL",2019,"E",99,1,"Cook","Yes","Table"
"994","YL",2019,"E",99,1,"Resetarits","No","No Tables"
"995","YL",2019,"E",99,1,"Donelan","No","No Tables"
"996","YL",2019,"E",99,1,"Pyšek","Yes","Table (Experiment)"
"997","YL",2019,"E",99,1,"Marteinsdóttir","No","No Tables"
"998","YL",2019,"E",99,1,"Strona","No","No Tables"
"999","YL",2019,"E",99,1,"Shima","No","No Tables"
"1000","YL",2019,"E",99,1,"Zhou","No","No Tables"
"1001","YL",2019,"E",99,1,"Måre","No","No Tables"
"1002","YL",2019,"E",99,1,"Bonanomi","No","No Tables"
"1003","YL",2019,"E",99,1,"Steenweg","No","No Tables"
"1004","YL",2019,"E",99,1,"McClain","No","No Tables"
"1005","YL",2019,"E",99,1,"Horst","No","No Tables"
"1006","YL",2019,"E",99,1,"Cline","No","No Error Reported"
"1007","YL",2019,"E",99,1,"Bailey","No","No Tables"
"1008","YL",2019,"E",99,3,"David","Yes","Table"
"1009","YL",2019,"E",99,3,"Barner","No","No Tables"
"1010","YL",2019,"E",99,3,"Andrus","Yes","Table (Observation)"
"1011","YL",2019,"E",99,3,"Rudgers","Yes","Table (Observation)"
"1012","YL",2019,"E",99,3,"Delgado-Baquerizo","No","No Tables"
"1013","YL",2019,"E",99,3,"Kempel","No","No Tables"
"1014","YL",2019,"E",99,3,"Bachelot","No","No Tables"
"1015","YL",2019,"E",99,3,"Winkler","No","No Tables"
"1016","YL",2019,"E",99,3,"Stige","No","No Tables"
"1017","YL",2019,"E",99,3,"Taylor","Yes","Table "
"1018","YL",2019,"E",99,3,"Canter","No","No Tables"
"1019","YL",2019,"E",99,3,"Resetarits Jr.","No","No Tables"
"1020","YL",2019,"E",99,3,"Schoolmaster Jr.","No","Paper Type"
"1021","YL",2019,"E",99,3,"Dalton","Yes","Table "
"1022","YL",2019,"E",99,3,"Freilich","No","No Tables"
"1023","YL",2019,"E",99,3,"Winter","No","No Tables"
"1024","YL",2019,"E",99,3,"Schnyder","No","No Tables"
"1025","YL",2019,"E",99,3,"Douhard","Yes","Table (Observation)"
"1026","YL",2019,"E",99,3,"Rodtassana","No","No Tables"
"1027","YL",2019,"E",99,3,"Song","No","No Tables"
"1028","YL",2019,"E",99,5,"Connell","No","No Tables"
"1029","YL",2019,"E",99,5,"Nater","Yes","Table "
"1030","YL",2019,"E",99,5,"Lany","Yes","Table"
"1031","YL",2019,"E",99,5,"Fajardo","Yes","Table"
"1032","YL",2019,"E",99,5,"Faldyn","No","No Tables"
"1033","YL",2019,"E",99,5,"Roden","No","Paper Type"
"1034","YL",2019,"E",99,5,"Champagnon","No","No Tables"
"1035","YL",2019,"E",99,5,"Brett","No","No Error Reported"
"1036","YL",2019,"E",99,5,"Blubaugh","Yes","Table (Observation)"
"1037","YL",2019,"E",99,5,"Heirpern","No","No Tables"
"1038","YL",2019,"E",99,5,"Burson","No","No Tables"
"1039","YL",2019,"E",99,5,"Howell","No","No Tables"
"1040","YL",2019,"E",99,5,"Wright","No","No Tables"
"1041","YL",2019,"E",99,5,"Kleinhesselink","Yes","Table (Observation)"
"1042","YL",2019,"E",99,5,"Cayuela","No","Paper Type"
"1043","YL",2019,"E",99,5,"Shackelford","No","No Tables"
"1044","YL",2019,"E",99,5,"Saito","No","Paper Type"
"1045","YL",2019,"E",99,5,"Durán","No","No Tables"
"1046","YL",2019,"E",99,5,"Menke","No","No Tables"
"1047","YL",2019,"E",99,5,"Pires","No","No Tables"
"1048","YL",2019,"E",99,5,"Roscher","No","No Error Reported"
"1049","YL",2019,"E",99,7,"McMahon","No","No Tables"
"1050","YL",2019,"E",99,7,"Christensen","No","No Tables"
"1051","YL",2019,"E",99,7,"Moody","No","No Tables"
"1052","YL",2019,"E",99,7,"Ostfeld","No","No Tables"
"1053","YL",2019,"E",99,7,"Haggerty","Yes","Table "
"1054","YL",2019,"E",99,7,"Pepi","No","No Tables"
"1055","YL",2019,"E",99,7,"Preston","No","No Error Reported"
"1056","YL",2019,"E",99,7,"Bosc","No","No Tables"
"1057","YL",2019,"E",99,7,"Smith","No","No Tables"
"1058","YL",2019,"E",99,7,"Adler","No","No Error Reported"
"1059","YL",2019,"E",99,7,"Rael","No","No Tables"
"1060","YL",2019,"E",99,7,"Cantin","No","No Tables"
"1061","YL",2019,"E",99,7,"Mclntire","No","No Tables"
"1062","YL",2019,"E",99,7,"Huang","No","No Tables"
"1063","YL",2019,"E",99,9,"Maag","Yes","Table (Observation)"
"1064","YL",2019,"E",99,9,"Porazinska","Yes","Table"
"1065","YL",2019,"E",99,9,"Seabloom","No","No Tables"
"1066","YL",2019,"E",99,9,"Bracewell","Yes","Table (Experiment)"
"1067","YL",2019,"E",99,9,"Shocket","No","Paper Type"
"1068","YL",2019,"E",99,9,"Zalamea","No","No Tables"
"1069","YL",2019,"E",99,9,"Shik","No","No Tables"
"1070","YL",2019,"E",99,9,"Ramos","Yes","Table"
"1071","YL",2019,"E",99,9,"Matsuzaki","No","No Tables"
"1072","YL",2019,"E",99,9,"Zheng","Yes","Table"
"1073","YL",2019,"E",99,9,"Bouchard","No","No Tables"
"1074","YL",2019,"E",99,9,"Martin","No","No Tables"
"1075","YL",2019,"E",99,9,"Bailie","No","No Tables"
"1076","YL",2019,"E",99,9,"Soper","No","No Tables"
"1077","YL",2019,"E",99,9,"Tiede","Yes","Table "
"1078","YL",2019,"E",99,9,"Si","Yes","Table"
"1079","YL",2019,"E",99,9,"Prather","Yes","Table"
"1080","YL",2019,"E",99,11,"Sullivan","No","No Tables"
"1081","YL",2019,"E",99,11,"Quinn","No","No Tables"
"1082","YL",2019,"E",99,11,"Castorani","No","No Tables"
"1083","YL",2019,"E",99,11,"Nottingham","Yes","Table "
"1084","YL",2019,"E",99,11,"Hammill","No","No Tables"
"1085","YL",2019,"E",99,11,"Tsuji","No","No Tables"
"1086","YL",2019,"E",99,11,"Jiao","No","Paper Type"
"1087","YL",2019,"E",99,11,"Winbourne","No","No Tables"
"1088","YL",2019,"E",99,11,"Berdanier","No","No Tables"
"1089","YL",2019,"E",99,11,"Donadi","No","No Tables"
"1090","YL",2019,"E",99,11,"Verlinden","Yes","Table "
"1091","YL",2019,"E",99,11,"Adler","No","No Tables"
"1092","YL",2019,"E",99,11,"Johnston","No","No Tables"
"1093","YL",2019,"E",99,11,"Subalusky","No","No Tables"
"1094","YL",2019,"E",99,11,"Bogdziewicz","No","No Tables"
"1095","YL",2019,"E",99,11,"Sugiyama","Yes","Table (Experiment)"
"1096","YL",2019,"E",99,11,"Houlahan","No","Paper Type"
"1097","YL",2019,"E",99,11,"Edmunds","No","No Tables"
"1098","PD",2020,"E",101,5,"Lamy","No","No Tables"
"1099","PD",2020,"E",101,5,"Eisaguirre","No","No Tables"
"1100","PD",2020,"E",101,5,"Shurin","No","No Tables"
"1101","PD",2020,"E",101,5,"Kominoski","No","No Tables"
"1102","PD",2020,"E",101,5,"Williams","No","Paper Type"
"1103","PD",2020,"E",101,5,"Terbough","No","No Tables"
"1104","PD",2020,"E",101,5,"Estrada-Villegas","No","No Tables"
"1105","PD",2020,"E",101,5,"Bongers","No","No Tables"
"1106","PD",2020,"E",101,5,"Moyano","No","Paper Type"
"1107","PD",2020,"E",101,5,"Schleuss","No","No Tables"
"1108","PD",2020,"E",101,5,"Wigley","No","No Tables"
"1109","PD",2020,"E",101,5,"Bruckerhoff","No","No Error Reported"
"1110","PD",2020,"E",101,5,"Van Velzen","No","No Tables"
"1111","LW",2020,"EL",23,6,"Shoemaker","No","No Tables"
"1112","LW",2020,"EL",23,6,"Siepielski","Yes","meets all criteria"
"1113","LW",2020,"EL",23,6,"Sol","No","No Tables"
"1114","LW",2020,"EL",23,6,"Heinen","No","No Tables"
"1115","LW",2020,"EL",23,6,"Karakoc","No","No Tables"
"1116","LW",2020,"EL",23,6,"Spagopoulou","Yes","meets all criteria"
"1117","LW",2020,"EL",23,6,"Li","No","Paper Type"
"1118","LW",2020,"EL",23,6,"Jacquet","No","No Tables"
"1119","LW",2020,"EL",23,4,"Paniw","No","No Tables"
"1120","LW",2020,"EL",23,4,"Van Schmidt","Yes","meets all criteria"
"1121","LW",2020,"EL",23,4,"Adams","No","No Tables"
"1122","LW",2020,"EL",23,4,"Brink","No","No Tables"
"1123","LW",2020,"EL",23,4,"Espinola-Novelo","No","No Tables"
"1124","LW",2020,"EL",23,4,"Boyce","No","No Tables"
"1125","LW",2020,"EL",23,4,"Ehrlen","Yes","meets all criteria"
"1126","LW",2020,"EL",23,4,"Huynh","No","No Tables"
"1127","LW",2020,"EL",23,4,"Watling","No","No Tables"
"1128","LW",2020,"EL",23,4,"Hammill","Yes","meets all criteria"
"1129","LW",2020,"EL",23,4,"Igea","No","No Tables"
"1130","LW",2020,"EL",23,4,"Wang","No","No Tables"
"1131","LW",2020,"EL",23,4,"Cunningham","No","Paper Type"
"1132","LW",2020,"EL",23,4,"Barton","No","No Tables"
"1133","LW",2020,"EL",23,2,"Grether","No","Paper Type"
"1134","LW",2020,"EL",23,2,"Scordato","No","No Tables"
"1135","LW",2020,"EL",23,2,"Masier","No","No Tables"
"1136","LW",2020,"EL",23,2,"Fournier","No","No Tables"
"1137","LW",2020,"EL",23,2,"Salles","Yes","meets all criteria"
"1138","LW",2020,"EL",23,2,"Pande","No","No Tables"
"1139","LW",2020,"EL",23,2,"Baker","No","No Tables"
"1140","LW",2020,"EL",23,2,"Meise","No","Paper Type"
"1141","LW",2020,"EL",23,2,"Salces-Castellano","No","No Tables"
"1142","LW",2020,"EL",23,2,"Weeks","Yes","meets all criteria"
"1143","LW",2020,"EL",23,2,"Nicholson","No","No Tables"
"1144","LW",2020,"EL",23,2,"Zheng","No","No Tables"
"1145","LW",2020,"EL",23,2,"Moran-Lopez","No","Paper Type"
"1146","LW",2020,"EL",23,2,"Morrison","No","No Tables"
"1147","LW",2019,"EL",22,12,"Aristide","No","Paper Type"
"1148","LW",2019,"EL",22,12,"Zhou","Yes","meets all criteria"
"1149","LW",2019,"EL",22,12,"Mitchell","No","No Tables"
"1150","LW",2019,"EL",22,12,"Field","No","Paper Type"
"1151","LW",2019,"EL",22,12,"Fahey","No","No Tables"
"1152","LW",2019,"EL",22,12,"Jelle Loonstra","No","No Tables"
"1153","LW",2019,"EL",22,12,"Wepking","No","No Tables"
"1154","LW",2019,"EL",22,12,"Simonsen","No","No Tables"
"1155","LW",2019,"EL",22,12,"Thompson","No","Paper Type"
"1156","LW",2019,"EL",22,12,"van der Vinne","No","No Tables"
"1157","LW",2019,"EL",22,12,"Bloom","Yes","meets all criteria"
"1158","LW",2019,"EL",22,12,"Hill","No","No Tables"
"1159","LW",2019,"EL",22,12,"Filstrup","No","Paper Type"
"1160","LW",2019,"EL",22,12,"Kunz","Yes","meets all criteria"
"1161","LW",2019,"EL",22,12,"Burant","Yes","meets all criteria"
"1162","LW",2019,"EL",22,10,"Oke","No","No Tables"
"1163","LW",2019,"EL",22,10,"Arnoldi","No","No Tables"
"1164","LW",2019,"EL",22,10,"Feit","Yes","meets all criteria"
"1165","LW",2019,"EL",22,10,"Suraci","No","credible intervals"
"1166","LW",2019,"EL",22,10,"Soranno","No","No Tables"
"1167","LW",2019,"EL",22,10,"Clark","No","No Tables"
"1168","LW",2019,"EL",22,10,"Bongalov","No","No Tables"
"1169","LW",2019,"EL",22,10,"Moore","Yes","meets all criteria"
"1170","LW",2019,"EL",22,10,"Parrett","Yes","meets all criteria"
"1171","LW",2019,"EL",22,10,"Gripenberg","No","No Tables"
"1172","LW",2019,"EL",22,10,"Nielsen","No","No Tables"
"1173","LW",2019,"EL",22,10,"Hallett","Yes","meets all criteria"
"1174","LW",2019,"EL",22,10,"Chan","Yes","meets all criteria"
"1175","LW",2019,"EL",22,8,"Harmand","No","No Tables"
"1176","LW",2019,"EL",22,8,"Leivesley","Yes","meets all criteria"
"1177","LW",2019,"EL",22,8,"Pearse","Yes","meets all criteria"
"1178","LW",2019,"EL",22,8,"Wang","No","No Tables"
"1179","LW",2019,"EL",22,8,"Arnillas","No","No Tables"
"1180","LW",2019,"EL",22,8,"Liautaud","No","Paper Type"
"1181","LW",2019,"EL",22,8,"Zettlemoyer","No","No Tables"
"1182","LW",2019,"EL",22,8,"Trojelsgaard","No","No Tables"
"1183","LW",2019,"EL",22,8,"Crawford","Yes","meets all criteria"
"1184","LW",2019,"EL",22,8,"Pihain","No","No Tables"
"1185","LW",2019,"EL",22,8,"Bernardo-Madrid","No","No Tables"
"1186","LW",2019,"EL",22,8,"Manley","Yes","meets all criteria"
"1187","LW",2019,"EL",22,6,"Branch","No","No Tables"
"1188","LW",2019,"EL",22,6,"Fountain-Jones","No","No Tables"
"1189","LW",2019,"EL",22,6,"Gano-Cohen","No","No Tables"
"1190","LW",2019,"EL",22,6,"van der Sande","Yes","meets all criteria"
"1191","LW",2019,"EL",22,6,"Crowther","No","No Tables"
"1192","LW",2019,"EL",22,6,"See","Yes","meets all criteria"
"1193","LW",2019,"EL",22,6,"Chen","No","No Tables"
"1194","LW",2019,"EL",22,6,"Rumschlag","No","No Tables"
"1195","LW",2019,"EL",22,6,"Ledent","No","No Tables"
"1196","LW",2019,"EL",22,6,"Barrow","Yes","No Error Reported"
"1197","LW",2019,"EL",22,6,"Hisano","No","No Tables"
"1198","LW",2019,"EL",22,6,"Larsen","No","No Tables"
"1199","LW",2019,"EL",22,6,"Horvath","No","No Tables"
"1200","LW",2019,"EL",22,4,"Zhang","No","No Tables"
"1201","LW",2019,"EL",22,4,"Gajdzik","No","No Tables"
"1202","LW",2019,"EL",22,4,"Ge","No","No Tables"
"1203","LW",2019,"EL",22,4,"Catford","Yes","meets all criteria"
"1204","LW",2019,"EL",22,4,"Kayal","Yes","Paper Type"
"1205","LW",2019,"EL",22,4,"Heberling","No","No Tables"
"1206","LW",2019,"EL",22,4,"Luzuriaga-Aveiga","Yes","meets all criteria"
"1207","LW",2019,"EL",22,4,"De Bona","Yes","meets all criteria"
"1208","LW",2019,"EL",22,4,"Rudman","No","No Tables"
"1209","LW",2019,"EL",22,4,"Stephens","No","No Tables"
"1210","LW",2019,"EL",22,4,"Fenberg","No","No Tables"
"1211","LW",2019,"EL",22,4,"Radchuk","No","No Tables"
"1212","LW",2019,"EL",22,4,"Waldock","No","No Tables"
"1213","LW",2019,"EL",22,4,"Fisher","Yes","meets all criteria"
"1214","LW",2019,"EL",22,4,"Kohli","Yes","meets all criteria"
"1215","LW",2019,"EL",22,4,"Week","No","Paper Type"
"1216","LW",2019,"EL",22,4,"Delhey","Yes","meets all criteria"
"1217","LW",2019,"EL",22,2,"Chu","Yes","meets all criteria"
"1218","LW",2019,"EL",22,2,"Feeney","No","No Tables"
"1219","LW",2019,"EL",22,2,"Montagano","Yes","meets all criteria"
"1220","LW",2019,"EL",22,2,"Ugine","No","No Tables"
"1221","LW",2019,"EL",22,2,"Xing","No","No Tables"
"1222","LW",2019,"EL",22,2,"Kergunteuil","Yes","meets all criteria"
"1223","LW",2019,"EL",22,2,"Lundgren","No","No Tables"
"1224","LW",2019,"EL",22,2,"Morel-Journel","No","No Tables"
"1225","LW",2019,"EL",22,2,"Chen","Yes","meets all criteria"
"1226","LW",2019,"EL",22,2,"Glassmire","No","No Tables"
"1227","LW",2019,"EL",22,2,"Colchero","No","No Tables"
"1228","LW",2019,"EL",22,2,"Larose","No","No Tables"
"1229","LW",2019,"EL",22,2,"Santini","No","No Tables"
"1230","LW",2018,"EL",21,12,"Perkins","Yes","meets all criteria"
"1231","LW",2018,"EL",21,12,"Alroy","No","No Tables"
"1232","LW",2018,"EL",21,12,"Kayal","No","paper repeated from 2019"
"1233","LW",2018,"EL",21,12,"Desharnais","Yes","meets all criteria"
"1234","LW",2018,"EL",21,12,"Twining","Yes","meets all criteria"
"1235","LW",2018,"EL",21,12,"Redhead","No","Paper Type"
"1236","LW",2018,"EL",21,12,"Hacket-Pain","Yes","meets all criteria"
"1237","LW",2018,"EL",21,12,"Tuck","No","No Tables"
"1238","LW",2018,"EL",21,10,"Hu","No","No Tables"
"1239","LW",2018,"EL",21,10,"Prather","No","No Tables"
"1240","LW",2018,"EL",21,10,"Chaine","No","No Tables"
"1241","LW",2018,"EL",21,10,"Batterman","No","No Tables"
"1242","LW",2018,"EL",21,10,"Uriarte","No","No Tables"
"1243","LW",2018,"EL",21,10,"Chira","Yes","meets all criteria"
"1244","LW",2018,"EL",21,10,"Wu","No","No Tables"
"1245","LW",2018,"EL",21,10,"Greenberg","No","No Tables"
"1246","LW",2018,"EL",21,10,"Maccracken","No","No Tables"
"1247","LW",2018,"EL",21,10,"Trugman","No","No Tables"
"1248","LW",2018,"EL",21,10,"Brandenburg","Yes","meets all criteria"
"1249","LW",2018,"EL",21,8,"Lukas","Yes","meets all criteria"
"1250","LW",2018,"EL",21,8,"Tietje","No","No Tables"
"1251","LW",2018,"EL",21,8,"Carter","Yes","meets all criteria"
"1252","LW",2018,"EL",21,8,"Padfield","Yes","meets all criteria"
"1253","LW",2018,"EL",21,8,"Ye","Yes","meets all criteria"
"1254","LW",2018,"EL",21,8,"Shao","No","No Tables"
"1255","LW",2018,"EL",21,8,"Ghedini","No","No Tables"
"1256","LW",2018,"EL",21,8,"Baert","No","No Tables"
"1257","LW",2018,"EL",21,8,"Kim","No","Paper Type"
"1258","LW",2018,"EL",21,8,"Zheng","No","No Tables"
"1259","LW",2018,"EL",21,8,"Song","No","No Tables"
"1260","LW",2018,"EL",21,8,"Frank","No","No Tables"
"1261","LW",2018,"EL",21,8,"Monteiro","No","No Tables"
"1262","LW",2020,"JOE",108,3,"Hope","No","Paper Type"
"1263","LW",2020,"JOE",108,3,"Schmitt","No","No Tables"
"1264","LW",2020,"JOE",108,3,"Peleg","Yes",NA
"1265","LW",2020,"JOE",108,3,"Smith","No","No Tables"
"1266","LW",2020,"JOE",108,3,"Fichtner","Yes",NA
"1267","LW",2020,"JOE",108,3,"Piton","No","No Tables"
"1268","LW",2020,"JOE",108,3,"Dettweiler-Robinson","No","No Tables"
"1269","LW",2020,"JOE",108,3,"Shemesh","No","No Tables"
"1270","LW",2020,"JOE",108,3,"Kristensen`","No","No Tables"
"1271","LW",2020,"JOE",108,3,"Carteron","No","No Tables"
"1272","LW",2020,"JOE",108,3,"Johnson","Yes",NA
"1273","LW",2020,"JOE",108,3,"Douda","No","No Tables"
"1274","LW",2020,"JOE",108,3,"Brock","No","No Tables"
"1275","LW",2020,"JOE",108,3,"Landuyt","No","No Tables"
"1276","LW",2020,"JOE",108,3,"Kulmatiski","No","No Tables"
"1277","LW",2020,"JOE",108,3,"Bogdziewicz","Yes",NA
"1278","LW",2020,"JOE",108,3,"González‐Teuber","No","No Tables"
"1279","LW",2020,"JOE",108,3,"Maréchaux","Yes",NA
"1280","LW",2020,"JOE",108,3,"Rusman","No","No Tables"
"1281","LW",2020,"JOE",108,3,"Bulleri","No","No Tables"
"1282","LW",2020,"JOE",108,3,"Maher","No","No Tables"
"1283","LW",2020,"JOE",108,3,"Shibata","Yes",NA
"1284","LW",2020,"JOE",108,3,"Johnson","No","No Tables"
"1285","LW",2020,"JOE",108,3,"Sercu","Yes",NA
"1286","LW",2020,"JOE",108,3,"Cruz-Alonso","Yes",NA
"1287","LW",2020,"JOE",108,3,"Brzeziecki","No","No Tables"
"1288","LW",2020,"JOE",108,3,"Solarik","No","No Tables"
"1289","LW",2020,"JOE",108,3,"Tito de Morais","Yes",NA
"1290","LW",2020,"JOE",108,3,"Ascoli","No","No Tables"
"1291","LW",2020,"JOE",108,3,"Dyderski","No","Paper Type"
"1292","LW",2020,"JOE",108,1,"Iritani","No","Paper Type"
"1293","LW",2020,"JOE",108,1,"Kobayashi","No","Paper Type"
"1294","LW",2020,"JOE",108,1,"LeRoy","No","No Tables"
"1295","LW",2020,"JOE",108,1,"Luo","Yes",NA
"1296","LW",2020,"JOE",108,1,"Leon-Sanchez","No","No Tables"
"1297","LW",2020,"JOE",108,1,"Hayes","No","No Tables"
"1298","LW",2020,"JOE",108,1,"Tebbett","Yes",NA
"1299","LW",2020,"JOE",108,1,"Brys","No","No Tables"
"1300","LW",2020,"JOE",108,1,"Mossman","Yes",NA
"1301","LW",2020,"JOE",108,1,"Allen","No","No Tables"
"1302","LW",2020,"JOE",108,1,"Joshi","No","No Tables"
"1303","LW",2020,"JOE",108,1,"Shovon","No","No Tables"
"1304","LW",2020,"JOE",108,1,"Muscarella","No","No Tables"
"1305","LW",2020,"JOE",108,1,"Estrada-Villegas","No","No Tables"
"1306","LW",2020,"JOE",108,1,"Blonder","No","No Tables"
"1307","LW",2020,"JOE",108,1,"Bialic-Murphy","No","No Tables"
"1308","LW",2020,"JOE",108,1,"Daniels","Yes",NA
"1309","LW",2020,"JOE",108,1,"Rocha-Santos","Yes",NA
"1310","LW",2020,"JOE",108,1,"Lloren","Yes",NA
"1311","LW",2020,"JOE",108,1,"Gremer","No","No Tables"
"1312","LW",2020,"JOE",108,1,"Bongers","No","No Tables"
"1313","LW",2020,"JOE",108,1,"Zhao","No","No Tables"
"1314","LW",2020,"JOE",108,1,"Villar","Yes",NA
"1315","LW",2020,"JOE",108,1,"Griffiths","No","No Tables"
"1316","LW",2020,"JOE",108,1,"Collins","No","No Tables"
"1317","LW",2020,"JOE",108,1,"Brown","Yes",NA
"1318","LW",2020,"JOE",108,1,"Rasmussen","No","No Tables"
"1319","LW",2020,"JOE",108,1,"Manrubia","No","No Tables"
"1320","LW",2020,"JOE",108,1,"Chagnon","No","No Tables"
"1321","LW",2020,"JOE",108,1,"Arnoldi","No","No Tables"
"1322","LW",2019,"JOE",107,5,"Jones","No","Paper Type"
"1323","LW",2019,"JOE",107,5,"Miller","Yes",NA
"1324","LW",2019,"JOE",107,5,"Khalil","No","No Tables"
"1325","LW",2019,"JOE",107,5,"Brandt","No","No Tables"
"1326","LW",2019,"JOE",107,5,"Cadotte","No","No Tables"
"1327","LW",2019,"JOE",107,5,"Carmona","Yes",NA
"1328","LW",2019,"JOE",107,5,"Galland","No","No Tables"
"1329","LW",2019,"JOE",107,5,"Barber","No","No Tables"
"1330","LW",2019,"JOE",107,5,"Yang","No","No Tables"
"1331","LW",2019,"JOE",107,5,"Griffin-Nolan","No","No Tables"
"1332","LW",2019,"JOE",107,5,"Vanderpoorten","No","No Tables"
"1333","LW",2019,"JOE",107,5,"Zhang","No","No Tables"
"1334","LW",2019,"JOE",107,5,"Albor","Yes",NA
"1335","LW",2019,"JOE",107,5,"Piper","No","No Tables"
"1336","LW",2019,"JOE",107,5,"Gonzalez","No","No Tables"
"1337","LW",2019,"JOE",107,5,"Liese","No","No Tables"
"1338","LW",2019,"JOE",107,5,"Ristok","No","No Tables"
"1339","LW",2019,"JOE",107,5,"Saha","No","No Tables"
"1340","LW",2019,"JOE",107,5,"Ouyang","Yes",NA
"1341","LW",2019,"JOE",107,5,"Simova","Yes",NA
"1342","LW",2019,"JOE",107,5,"Boeddinghaus","Yes",NA
"1343","LW",2019,"JOE",107,5,"Ribeiro","No","No Tables"
"1344","LW",2019,"JOE",107,5,"Hurtado","No","No Tables"
"1345","LW",2019,"JOE",107,5,"Piston","No","No Tables"
"1346","LW",2019,"JOE",107,5,"Ma","No","No Tables"
"1347","LW",2019,"JOE",107,5,"Lu","No","No Tables"
"1348","LW",2019,"JOE",107,5,"Ye","No","No Tables"
"1349","LW",2019,"JOE",107,5,"Prieto","No","No Tables"
"1350","LW",2019,"JOE",107,5,"Stephenson","No","No Tables"
"1351","LW",2019,"JOE",107,5,"Zhang","No","No Tables"
"1352","LW",2019,"JOE",107,5,"Derksen‐Hooijberg","No","No Tables"
"1353","LW",2019,"JOE",107,5,"Liu","No","No Tables"
"1354","LW",2019,"JOE",107,5,"Yuan","No","No Tables"
"1355","LW",2019,"JOE",107,5,"Stam","No","No Tables"
"1356","LW",2019,"JOE",107,5,"Lopez-Goldar","Yes",NA
"1357","LW",2019,"JOE",107,5,"Buckley","No","No Tables"
"1358","LW",2019,"JOE",107,5,"LaMalfa","No","No Tables"
"1359","LW",2019,"JOE",107,5,"Choi","Yes",NA
"1360","LW",2019,"JOE",107,3,"Pausas","No","Paper Type"
"1361","LW",2019,"JOE",107,3,"Palpurina","Yes",NA
"1362","LW",2019,"JOE",107,3,"Tomlinson","No","No Tables"
"1363","LW",2019,"JOE",107,3,"Tracey","No","No Tables"
"1364","LW",2019,"JOE",107,3,"Carvajal","Yes",NA
"1365","LW",2019,"JOE",107,3,"Tangney","Yes",NA
"1366","LW",2019,"JOE",107,3,"Luo","No","No Tables"
"1367","LW",2019,"JOE",107,3,"Hayes","No","No Tables"
"1368","LW",2019,"JOE",107,3,"Capdevila","Yes",NA
"1369","LW",2019,"JOE",107,3,"Vindstad","Yes",NA
"1370","LW",2019,"JOE",107,3,"Truchon-Savard","No","No Tables"
"1371","LW",2019,"JOE",107,3,"Levy","No","No Tables"
"1372","LW",2019,"JOE",107,3,"Batllori","No","Paper Type"
"1373","LW",2019,"JOE",107,3,"Domínguez‐Begines","No","No Tables"
"1374","LW",2019,"JOE",107,3,"Lozano","No","No Tables"
"1375","LW",2019,"JOE",107,3,"Chen","No","No Tables"
"1376","LW",2019,"JOE",107,3,"Li","No","No Tables"
"1377","LW",2019,"JOE",107,3,"Baer","No","No Tables"
"1378","LW",2019,"JOE",107,3,"Tuya","No","No Tables"
"1379","LW",2019,"JOE",107,3,"Mori","No","No Tables"
"1380","LW",2019,"JOE",107,3,"Itter","No","No Tables"
"1381","LW",2019,"JOE",107,3,"Abrahao","No","No Tables"
"1382","LW",2019,"JOE",107,3,"Slate","No","No Tables"
"1383","LW",2019,"JOE",107,3,"Haeuser","Yes",NA
"1384","LW",2019,"JOE",107,3,"Bernard-Verdier","Yes",NA
"1385","LW",2019,"JOE",107,3,"Pansu","No","No Tables"
"1386","LW",2019,"JOE",107,3,"Villamil","No","No Tables"
"1387","LW",2019,"JOE",107,3,"Rey","No","No Tables"
"1388","LW",2019,"JOE",107,3,"Quarles","No","No Tables"
"1389","LW",2019,"JOE",107,3,"Satdichanh","No","No Tables"
"1390","LW",2019,"JOE",107,3,"Kobayashi","No","No Tables"
"1391","LW",2019,"JOE",107,3,"Closset-Kopp","No","No Tables"
"1392","LW",2019,"JOE",107,3,"Rolhauser","Yes",NA
"1393","LW",2019,"JOE",107,3,"Muller-Landau","Yes",NA
"1394","LW",2019,"JOE",107,3,"Staver","No","No Tables"
"1395","LW",2019,"JOE",107,3,"Grossman","Yes",NA
"1396","LW",2019,"JOE",107,3,"Zeng","No","No Tables"
"1397","LW",2019,"JOE",107,3,"Abdala-Roberts","No","No Tables"
"1398","LW",2019,"JOE",107,1,"Bruns","No","No Tables"
"1399","LW",2019,"JOE",107,1,"Bogdziewicz","Yes",NA
"1400","LW",2019,"JOE",107,1,"Rowntree","No","No Tables"
"1401","LW",2019,"JOE",107,1,"Hegstad","Yes",NA
"1402","LW",2019,"JOE",107,1,"Christianen","No","No Tables"
"1403","LW",2019,"JOE",107,1,"Kafle","No","No Tables"
"1404","LW",2019,"JOE",107,1,"Luo","Yes",NA
"1405","LW",2019,"JOE",107,1,"Coldren","No","No Tables"
"1406","LW",2019,"JOE",107,1,"Pessarrodona","No","No Tables"
"1407","LW",2019,"JOE",107,1,"Meineke","Yes",NA
"1408","LW",2019,"JOE",107,1,"Soper","No","No Tables"
"1409","LW",2019,"JOE",107,1,"Fischer","Yes",NA
"1410","LW",2019,"JOE",107,1,"Png","No","No Tables"
"1411","LW",2019,"JOE",107,1,"Gustafsson","Yes",NA
"1412","LW",2019,"JOE",107,1,"Duffy","No","No Tables"
"1413","LW",2019,"JOE",107,1,"Dostal","Yes",NA
"1414","LW",2019,"JOE",107,1,"Bergudo","No","No Tables"
"1415","LW",2019,"JOE",107,1,"Dolezal","No","No Tables"
"1416","LW",2019,"JOE",107,1,"Morrison","No","No Tables"
"1417","LW",2019,"JOE",107,1,"Xu","No","No Tables"
"1418","LW",2019,"JOE",107,1,"Saiz","Yes",NA
"1419","LW",2019,"JOE",107,1,"Raymundo","Yes",NA
"1420","LW",2019,"JOE",107,1,"Scherrer","No","No Tables"
"1421","LW",2019,"JOE",107,1,"Ibanez","No","No Tables"
"1422","LW",2019,"JOE",107,1,"Wainwright","Yes",NA
"1423","LW",2019,"JOE",107,1,"Jager","No","No Tables"
"1424","LW",2019,"JOE",107,1,"Brum","No","No Tables"
"1425","LW",2019,"JOE",107,1,"Dietrich","No","No Tables"
"1426","LW",2019,"JOE",107,1,"Barbour","No","No Tables"
"1427","LW",2019,"JOE",107,1,"Wan","No","No Tables"
"1428","LW",2019,"JOE",107,1,"Hu","No","No Tables"
"1429","LW",2019,"JOE",107,1,"Zhang","No","No Tables"
"1430","LW",2019,"JOE",107,1,"Lustenhouwer","No","No Tables"
"1431","LW",2019,"JOE",107,1,"Flores-Torres","No","No Tables"
"1432","LW",2019,"JOE",107,1,"Sakaguchi","Yes",NA
"1433","LW",2019,"JOE",107,1,"Le Moullec","Yes",NA
"1434","LW",2019,"JOE",107,1,"De Grandpre","Yes",NA
"1435","LW",2019,"JOE",107,1,"Hoffmann","No","No Tables"
"1436","LW",2019,"JOE",107,1,"Joffard","No","No Tables"
"1437","LW",2019,"JOE",107,1,"Thomson","Yes",NA
"1438","LW",2018,"JOE",106,5,"Bartomeus","No","Paper Type"
"1439","LW",2018,"JOE",106,5,"Chesson","No","Paper Type"
"1440","LW",2018,"JOE",106,5,"Maron","Yes",NA
"1441","LW",2018,"JOE",106,5,"Petry","Yes",NA
"1442","LW",2018,"JOE",106,5,"Tamburini","Yes",NA
"1443","LW",2018,"JOE",106,5,"Parker","No","No Tables"
"1444","LW",2018,"JOE",106,5,"Bimler","No","No Tables"
"1445","LW",2018,"JOE",106,5,"Cardinaux","Yes",NA
"1446","LW",2018,"JOE",106,5,"Veresoglou","Yes",NA
"1447","LW",2018,"JOE",106,5,"Siefert","No","No Tables"
"1448","LW",2018,"JOE",106,5,"Benadi","Yes",NA
"1449","LW",2018,"JOE",106,5,"Hart","No","Paper Type"
"1450","LW",2018,"JOE",106,5,"Gray","No","No Tables"
"1451","LW",2018,"JOE",106,5,"Tepley","No","Paper Type"
"1452","LW",2018,"JOE",106,5,"Xu","No","No Tables"
"1453","LW",2018,"JOE",106,5,"de Villemereuil","Yes",NA
"1454","LW",2018,"JOE",106,5,"Yule","Yes",NA
"1455","LW",2018,"JOE",106,5,"Wragg","No","No Tables"
"1456","LW",2018,"JOE",106,5,"Jesch","No","No Tables"
"1457","LW",2018,"JOE",106,5,"Martinez","No","No Tables"
"1458","LW",2018,"JOE",106,5,"Erktan","No","No Tables"
"1459","LW",2018,"JOE",106,5,"Castagneyrol","No","No Tables"
"1460","LW",2018,"JOE",106,5,"Muthukrishnan","Yes",NA
"1461","LW",2018,"JOE",106,5,"Le Roux","Yes",NA
"1462","LW",2018,"JOE",106,5,"Gribben","No","No Tables"
"1463","LW",2018,"JOE",106,5,"Esch","No","No Tables"
"1464","LW",2018,"JOE",106,5,"Bueno","No","No Tables"
"1465","LW",2018,"JOE",106,5,"Holmes","No","No Tables"
"1466","LW",2018,"JOE",106,5,"Barks","No","No Tables"
"1467","LW",2018,"JOE",106,3,"Soliveres","No","Paper Type"
"1468","LW",2018,"JOE",106,3,"Laird","No","Paper Type"
"1469","LW",2018,"JOE",106,3,"Matias","No","No Tables"
"1470","LW",2018,"JOE",106,3,"Stouffer","Yes",NA
"1471","LW",2018,"JOE",106,3,"Soliveres","Yes",NA
"1472","LW",2018,"JOE",106,3,"Ulrich","No","No Tables"
"1473","LW",2018,"JOE",106,3,"Gallien","No","Paper Type"
"1474","LW",2018,"JOE",106,3,"De Boeck","No","Paper Type"
"1475","LW",2018,"JOE",106,3,"Cousens","No","Paper Type"
"1476","LW",2018,"JOE",106,3,"Bullock","No","Paper Type"
"1477","LW",2018,"JOE",106,3,"Krapek","No","No Tables"
"1478","LW",2018,"JOE",106,3,"Chanthorn","No","No Tables"
"1479","LW",2018,"JOE",106,3,"Perez-Mendes","Yes",NA
"1480","LW",2018,"JOE",106,3,"Neuschulz","Yes",NA
"1481","LW",2018,"JOE",106,3,"Leon-Sanchez","No","No Tables"
"1482","LW",2018,"JOE",106,3,"Boulanger","No","No Tables"
"1483","LW",2018,"JOE",106,3,"Yang","No","No Tables"
"1484","LW",2018,"JOE",106,3,"Li","No","No Tables"
"1485","LW",2018,"JOE",106,3,"Bowman","No","No Tables"
"1486","LW",2018,"JOE",106,3,"Ron","No","No Tables"
"1487","LW",2018,"JOE",106,3,"Miller","Yes",NA
"1488","LW",2018,"JOE",106,3,"Keller","No","No Tables"
"1489","LW",2018,"JOE",106,3,"Mahall","No","No Tables"
"1490","LW",2018,"JOE",106,3,"Toigo","No","No Tables"
"1491","LW",2018,"JOE",106,3,"Herben","No","No Tables"
"1492","LW",2018,"JOE",106,3,"Van de Peer","No","No Tables"
"1493","LW",2018,"JOE",106,3,"Mina","No","No Tables"
"1494","LW",2018,"JOE",106,3,"Thrippleton","No","Paper Type"
"1495","LW",2018,"JOE",106,3,"Mejia-Alva","No","No Tables"
"1496","LW",2018,"JOE",106,3,"Lett","No","No Tables"
"1497","LW",2018,"JOE",106,3,"Loffler","Yes",NA
"1498","LW",2018,"JOE",106,3,"Pillet","No","Paper Type"
"1499","LW",2018,"JOE",106,3,"Price","No","No Tables"
"1500","LW",2018,"JOE",106,3,"Elwood","No","Paper Type"
"1501","LW",2018,"JOE",106,3,"Peng","No","No Tables"
"1502","LW",2018,"JOE",106,3,"Heinen","No","No Tables"
"1503","LW",2018,"JOE",106,3,"Karlowsky","No","No Tables"
"1504","LW",2018,"JOE",106,3,"Rasmann","No","No Tables"
"1505","LW",2018,"JOE",106,3,"Morrissette‐Boileau","No","No Tables"
"1506","LW",2018,"JOE",106,3,"Kumar","No","No Tables"
"1507","LW",2018,"JOE",106,3,"Zhang","No","No Tables"
"1508","LW",2018,"JOE",106,3,"Preece","No","No Tables"
"1509","LW",2018,"JOE",106,3,"Fraser","No","Paper Type"
"1510","LW",2018,"JOE",106,3,"Żywiec","No","No Tables"
"1511","LW",2018,"JOE",106,1,"Moles","No","Paper Type"
"1512","LW",2018,"JOE",106,1,"Sun","Yes",NA
"1513","LW",2018,"JOE",106,1,"Bachofen","No","No Tables"
"1514","LW",2018,"JOE",106,1,"Franco","Yes",NA
"1515","LW",2018,"JOE",106,1,"González de Andrés","No","No Tables"
"1516","LW",2018,"JOE",106,1,"D'Amen","No","No Tables"
"1517","LW",2018,"JOE",106,1,"Gripenberg","Yes",NA
"1518","LW",2018,"JOE",106,1,"Mortensen","No","No Tables"
"1519","LW",2018,"JOE",106,1,"Mori","Yes",NA
"1520","LW",2018,"JOE",106,1,"Kurten","No","No Tables"
"1521","LW",2018,"JOE",106,1,"Pinho","No","No Tables"
"1522","LW",2018,"JOE",106,1,"Chen","No","No Tables"
"1523","LW",2018,"JOE",106,1,"Chou","No","No Tables"
"1524","LW",2018,"JOE",106,1,"Schiebold","No","No Tables"
"1525","LW",2018,"JOE",106,1,"Pfennigwerth","Yes",NA
"1526","LW",2018,"JOE",106,1,"Chagnon","Yes",NA
"1527","LW",2018,"JOE",106,1,"McGinn","No","No Tables"
"1528","LW",2018,"JOE",106,1,"Liu","Yes",NA
"1529","LW",2018,"JOE",106,1,"Dudenhöffer","No","No Tables"
"1530","LW",2018,"JOE",106,1,"Ochoa‐Hueso","No","No Tables"
"1531","LW",2018,"JOE",106,1,"Gerz","No","No Tables"
"1532","LW",2018,"JOE",106,1,"Oram","No","No Tables"
"1533","LW",2018,"JOE",106,1,"Bagaria","Yes",NA
"1534","LW",2018,"JOE",106,1,"Pinkalski","No","No Tables"
"1535","LW",2018,"JOE",106,1,"Ensslin","No","No Tables"
"1536","LW",2018,"JOE",106,1,"Janssen","Yes",NA
"1537","LW",2018,"JOE",106,1,"Herring","No","No Tables"
"1538","LW",2018,"JOE",106,1,"Connor","No","No Tables"
"1539","LW",2018,"JOE",106,1,"Huang","No","No Tables"
"1540","LW",2018,"JOE",106,1,"Barthelemy","No","No Tables"
"1541","LW",2018,"JOE",106,1,"Razo-Belman","No","No Tables"
"1542","LW",2018,"JOE",106,1,"Ángeles‐López","No","No Tables"
"1543","LW",2018,"JOE",106,1,"Campbell","No","No Tables"
"1544","LW",2018,"JOE",106,1,"Galman","No","No Tables"
"1545","LW",2018,"JOE",106,1,"Veldhuis","No","No Tables"
"1546","LW",2018,"JOE",106,1,"Frank","No","No Tables"
"1547","LW",2018,"JOE",106,1,"Kotilínek","No","Paper Type"
"1548","LW",2018,"N",556,NA,"Zhang","No","No Tables"
"1549","LW",2020,"N",581,NA,"Wu","No","No Tables"
"1550","LW",2019,"N",572,NA,"Walker","Yes",NA
"1551","LW",2018,"N",558,NA,"van de Linde","No","No Tables"
"1552","LW",2019,"N",572,NA,"van de Hoogan","No","No Tables"
"1553","LW",2018,"N",554,NA,"Ushio","No","No Tables"
"1554","LW",2018,"N",555,NA,"Turner","Yes",NA
"1555","LW",2020,"N",580,NA,"Trios","No","No Tables"
"1556","LW",2018,"N",554,NA,"Taubert","No","No Tables"
"1557","LW",2018,"N",556,NA,"Steinbauer","Yes",NA
"1558","LW",2019,"N",569,NA,"Steidinger","No","No Tables"
"1559","LW",2018,"N",560,NA,"Song","Yes",NA
"1560","LW",2019,"N",574,NA,"Siebold","No","No Tables"
"1561","LW",2019,"N",572,NA,"Schartup","No","No Tables"
"1562","LW",2019,"N",567,NA,"Rogers","Yes",NA
"1563","LW",2018,"N",560,NA,"Richardson","Yes",NA
"1564","LW",2019,"N",571,NA,"Renard","Yes",NA
"1565","LW",2018,"N",562,NA,"Reich","No","No Tables"
"1566","LW",2019,"N",571,NA,"Redding","No","No Tables"
"1567","LW",2018,"N",555,NA,"Quintero","No","No Tables"
"1568","LW",2019,"N",572,NA,"Querioz","Yes",NA
