initials,year_pub,journal_id,volume,issue,first_author,include,reason,,,
MB,2020,EL,23,6,Shoemaker,No,no_tables,,,
MB,2020,EL,23,6,Siepielski,Yes,NA,,,
MB,2020,EL,23,6,Sol,No,no_tables,,,
MB,2020,EL,23,6,Heinen,No,no_tables,,,
MB,2020,EL,23,6,Karakoc,No,no_tables,,,
MB,2020,EL,23,6,Spagopoulou,Yes,NA,,,
MB,2020,EL,23,6,Li,No,paper_type,,,
MB,2020,EL,23,6,Jaquet,No,no_tables,,,
MB,2020,EL,23,5,Lindberg,No,no_tables,,,
MB,2020,EL,23,5,Muthukrishnan,No,no_tables,,,
MB,2020,EL,23,5,Conradi,No,paper_type,,,
MB,2020,EL,23,5,Kentie,No,no_tables,,,
MB,2020,EL,23,5,Zhang,No,paper_type,,,
MB,2020,EL,23,5,Hagmayer,Yes,NA,,,
MB,2020,EL,23,5,Studd,No,no_tables,,,
MB,2020,EL,23,5,Mutanen,No,no_tables,,,
MB,2020,EL,23,5,Ruiz,No,no_tables,,,
MB,2020,EL,23,5,Andrello,No,no_tables,,,
MB,2020,EL,23,5,Matsubayashi,No,no_tables,,,
MB,2020,EL,23,3,Martinig,Yes,NA,,,
MB,2020,EL,23,3,Silvestro,No,paper_type,,,
MB,2020,EL,23,3,Cattelan,Yes,NA,,,
MB,2020,EL,23,3,Bestion,Yes,NA,,,
MB,2020,EL,23,3,Chen,No,no_tables,,,
MB,2020,EL,23,3,Beaury,Yes,NA,,,
MB,2020,EL,23,3,Koontz,Yes,NA,,,
MB,2020,EL,23,3,Bolnick,Yes,NA,,,
MB,2020,EL,23,3,Rybicki,No,no_tables,,,
MB,2020,EL,23,3,Field,No,no_tables,,,
MB,2020,EL,23,3,Maurer,No,no_tables,,,
MB,2020,EL,23,3,Faurby,Yes,NA,,,
MB,2020,EL,23,3,Ruedenauer,No,no_tables,,,
MB,2020,EL,23,3,Osorio-Olvera,Yes,NA,,,
MB,2020,EL,23,3,Milutinovic,No,no_tables,,,
MB,2020,EL,23,1,Bohner,No,no_tables,,,
MB,2020,EL,23,1,Yang,No,no_tables,,,
MB,2020,EL,23,1,Millette,No,no_tables,,,
MB,2020,EL,23,1,Baniaga,No,no_tables,,,
MB,2020,EL,23,1,Searle,Yes,NA,,,
MB,2020,EL,23,1,Wilbur,No,no_tables,,,
MB,2020,EL,23,1,Staver,No,no_tables,,,
MB,2020,EL,23,1,Dingemanse,No,no_tables,,,
MB,2020,EL,23,1,Bennett,Yes,NA,,,
MB,2020,EL,23,1,Bergamo,Yes,NA,,,
MB,2020,EL,23,1,Ford,Yes,NA,,,
MB,2020,EL,23,1,Svensson,Yes,NA,,,
MB,2020,EL,23,1,Fung,Yes,NA,,,
MB,2020,EL,23,1,Fric,No,no_tables,,,
MB,2020,EL,23,1,Anderson,No,no_tables,,,
MB,2019,EL,22,11,Kohl,Yes,NA,,,
MB,2019,EL,22,11,Ho,No,no_tables,,,
MB,2019,EL,22,11,Wickman,No,no_tables,,,
MB,2019,EL,22,11,Riley,No,no_tables,,,
MB,2019,EL,22,11,Proulx,No,no_tables,,,
MB,2019,EL,22,11,Maynard,No,no_tables,,,
MB,2019,EL,22,11,Marquez,Yes,NA,,,
MB,2019,EL,22,11,Merkle,No,no_tables,,,
MB,2019,EL,22,11,Liu,No,no_tables,,,
MB,2019,EL,22,11,Birzu,No,no_tables,,,
MB,2019,EL,22,11,Limberger,No,no_tables,,,
MB,2019,EL,22,11,McQueen,Yes,NA,,,
MB,2019,EL,22,11,Piovia-Scott,No,no_tables,,,
MB,2019,EL,22,11,Aranguren-Gassis,No,no_tables,,,
MB,2019,EL,22,11,Barrios-O'Neill,No,no_tables,,,
MB,2019,EL,22,11,Cameron,Yes,NA,,,
MB,2019,EL,22,11,Nottingham,Yes,NA,,,
MB,2019,EL,22,11,Condamine,No,no_tables,,,
MB,2019,EL,22,9,Shriver,No,no_tables,,,
MB,2019,EL,22,9,Hackett,No,no_tables,,,
MB,2019,EL,22,9,Zhang,No,no_tables,,,
MB,2019,EL,22,9,Brehm,No,no_tables,,,
MB,2019,EL,22,9,Struckman,Yes,NA,,,
MB,2019,EL,22,9,Malerba,No,no_tables,,,
MB,2019,EL,22,9,Bastille-Rousseau,Yes,NA,,,
MB,2019,EL,22,9,O'Sullivan,No,no_tables,,,
MB,2019,EL,22,9,Vila-Cabrera,Yes,NA,,,
MB,2019,EL,22,9,Luo,Yes,NA,,,
MB,2019,EL,22,9,Faithfull,No,no_tables,,,
MB,2019,EL,22,9,Chacon-Labella,No,no_tables,,,
MB,2019,EL,22,9,Veits,No,no_tables,,,
MB,2019,EL,22,9,Marja,No,no_tables,,,
MB,2019,EL,22,7,Ponisio,No,no_tables,,,
MB,2019,EL,22,7,Tabi,No,no_tables,,,
MB,2019,EL,22,7,Pos,No,no_tables,,,
MB,2019,EL,22,7,Martin,No,no_tables,,,
MB,2019,EL,22,7,Fanin,No,no_tables,,,
MB,2019,EL,22,7,Koussoroplis,No,no_tables,,,
MB,2019,EL,22,7,Shoemaker,No,no_tables,,,
MB,2019,EL,22,7,McFadden,No,no_tables,,,
MB,2019,EL,22,7,Borer,Yes,NA,,,
MB,2019,EL,22,7,Wubs,No,no_tables,,,
MB,2019,EL,22,7,Zhao,No,no_tables,,,
MB,2019,EL,22,5,Andrade-Restrepo,No,no_tables,,,
MB,2019,EL,22,5,Lindmark,No,paper_type,,,
MB,2019,EL,22,5,Anderegg,No,no_tables,,,
MB,2019,EL,22,5,Gamelon,Yes,NA,,,
MB,2019,EL,22,5,Hayden,No,no_tables,,,
MB,2019,EL,22,5,Cohen,No,paper_type,,,
MB,2019,EL,22,5,Knowles,No,no_tables,,,
MB,2019,EL,22,5,Rodriguez-Verdugo,Yes,NA,,,
MB,2019,EL,22,5,Dornelas,No,no_tables,,,
MB,2019,EL,22,5,Aguirre-Gutierrez,Yes,NA,,,
MB,2019,EL,22,5,Torres-Martinez,No,no_tables,,,
MB,2019,EL,22,5,Bird,No,paper_type,,,
MB,2019,EL,22,5,Dugo-Cota,No,paper_type,,,
MB,2019,EL,22,3,Moore,Yes,NA,,,
MB,2019,EL,22,3,Kelly,No,no_tables,,,
MB,2019,EL,22,3,Song,No,no_tables,,,
MB,2019,EL,22,3,Klumpers,Yes,NA,,,
MB,2019,EL,22,3,Brodie,No,no_tables,,,
MB,2019,EL,22,3,Blanco,No,no_tables,,,
MB,2019,EL,22,3,Fernandez,Yes,NA,,,
MB,2019,EL,22,3,Smith,No,no_tables,,,
MB,2019,EL,22,3,Pettersen,No,paper_type,,,
MB,2019,EL,22,3,Healy,No,paper_type,,,
MB,2019,EL,22,3,Cushman,Yes,NA,,,
MB,2019,EL,22,3,Fecchio,No,paper_type,,,
MB,2019,EL,22,1,Caughlin,No,no_tables,,,
MB,2019,EL,22,1,Endriss,No,no_tables,,,
MB,2019,EL,22,1,Chen,No,no_tables,,,
MB,2019,EL,22,1,Bartlett,No,paper_type,,,
MB,2019,EL,22,1,Hargreaves,No,no_tables,,,
MB,2019,EL,22,1,Trekels,No,no_tables,,,
MB,2019,EL,22,1,Schermer,Yes,NA,,,
MB,2019,EL,22,1,Biasazin,No,no_tables,,,
MB,2019,EL,22,1,Kannenberg,No,no_tables,,,
MB,2019,EL,22,1,Maldonado,No,no_tables,,,
MB,2019,EL,22,1,Halliday,Yes,NA,,,
MB,2019,EL,22,1,Li,No,no_tables,,,
MB,2019,EL,22,1,Walker,No,no_tables,,,
MB,2019,EL,22,1,Penone,Yes,NA,,,
MB,2019,EL,22,1,DeMalach,Yes,NA,,,
MB,2019,EL,22,1,Hemingson,Yes,NA,,,
MB,2018,EL,21,11,Hawn,No,no_tables,,,
MB,2018,EL,21,11,Kreyling,No,paper_type,,,
MB,2018,EL,21,11,Carrillo,No,no_tables,,,
MB,2018,EL,21,11,Toussaint,Yes,NA,,,
MB,2018,EL,21,11,Ohlmann,No,no_tables,,,
MB,2018,EL,21,11,Satterfield,No,no_tables,,,
MB,2018,EL,21,11,Crotty,No,no_tables,,,
MB,2018,EL,21,11,Maldonado_Chaparro,No,no_tables,,,
MB,2018,EL,21,11,Fijen,Yes,NA,,,
MB,2018,EL,21,9,Pluntz,No,no_tables,,,
MB,2018,EL,21,9,Adler,No,no_tables,,,
MB,2018,EL,21,9,Kadoya,No,no_tables,,,
MB,2018,EL,21,9,Kristensen,No,no_tables,,,
MB,2018,EL,21,9,Decker,Yes,NA,,,
MB,2018,EL,21,9,Hodapp,Yes,NA,,,
MB,2018,EL,21,9,Nadal,No,no_tables,,,
MB,2018,EL,21,9,Guo,No,paper_type,,,
MB,2018,EL,21,9,Muhl,No,no_tables,,,
MB,2018,EL,21,9,Davis,Yes,NA,,,
MB,2018,EL,21,9,Simpson,Yes,NA,,,
MB,2018,EL,21,7,Cusumano,No,no_tables,,,
MB,2018,EL,21,7,Anderegg,No,no_tables,,,
MB,2018,EL,21,7,Chadwick,No,no_tables,,,
MB,2018,EL,21,7,Jucker,Yes,NA,,,
MB,2018,EL,21,7,Froy,Yes,NA,,,
MB,2018,EL,21,7,Koffel,No,no_tables,,,
MB,2018,EL,21,7,Laiolo,No,no_tables,,,
MB,2018,EL,21,7,Hodge,Yes,NA,,,
MB,2018,EL,21,7,Courbin,Yes,NA,,,
MB,2018,EL,21,7,Horton,No,no_tables,,,
MB,2018,EL,21,7,Kato,No,no_tables,,,
MB,2018,EL,21,7,Ruger,No,no_tables,,,
MB,2018,EL,21,7,Ruegg,No,no_tables,,,
MB,2018,EL,21,7,Okuzaki,Yes,NA,,,
MB,2018,EL,21,5,Defossez,No,no_tables,,,
MB,2018,EL,21,5,Thomas,No,no_tables,,,
MB,2018,EL,21,5,Booksmythe,Yes,NA,,,
MB,2018,EL,21,5,Medina,No,no_tables,,,
MB,2018,EL,21,5,Smith-Ramesh,No,no_tables,,,
MB,2018,EL,21,5,Bestion,No,paper_type,,,
MB,2018,EL,21,5,Sheppard,Yes,NA,,,
MB,2018,EL,21,5,Dijkstra,No,no_tables,,,
MB,2018,EL,21,5,Correia,No,no_tables,,,
MB,2018,EL,21,5,Civitello,No,no_tables,,,
MB,2018,EL,21,5,Jonsson,Yes,NA,,,
MB,2018,EL,21,5,Liu,Yes,NA,,,
MB,2018,EL,21,5,Shefferson,No,no_tables,,,
MB,2018,EL,21,5,Anderegg,No,no_tables,,,
MB,2018,EL,21,3,Butler,No,paper_type,,,
MB,2018,EL,21,3,Nowakowski,Yes,NA,,,
MB,2018,EL,21,3,McLaren,No,no_tables,,,
MB,2018,EL,21,3,Di Marco,No,no_tables,,,
MB,2018,EL,21,3,Watcharamongkol,No,no_tables,,,
MB,2018,EL,21,3,Janicke,No,paper_type,,,
MB,2018,EL,21,3,Kirchheimer,No,no_tables,,,
MB,2018,EL,21,3,Rojas,Yes,NA,,,
MB,2018,EL,21,3,Laughlin,No,no_tables,,,
MB,2018,EL,21,1,Hillebrand,No,no_tables,,,
MB,2018,EL,21,1,Plas,No,no_tables,,,
MB,2018,EL,21,1,Caselle,Yes,NA,,,
MB,2018,EL,21,1,Malerba,No,no_tables,,,
MB,2018,EL,21,1,Abrahms,No,no_tables,,,
MB,2018,EL,21,1,Antiqueira,No,no_tables,,,
MB,2018,EL,21,1,Volf,Yes,NA,,,
MB,2018,EL,21,1,Massoud,No,no_tables,,,
MB,2018,EL,21,1,Carlo,No,no_tables,,,
MB,2018,EL,21,1,Hesse,No,no_tables,,,
MB,2018,EL,21,1,Moorsel,No,no_tables,,,
MB,2018,EL,21,6,Herbert-Dufresne,No,no_tables,,,
MB,2018,EL,21,6,Chrisholm,No,no_tables,,,
MB,2018,EL,21,6,Jeffers,Yes,NA,,,
MB,2018,EL,21,6,D'Andrea,No,no_tables,,,
MB,2018,EL,21,6,Barneche,No,paper_type,,,
MB,2018,EL,21,6,La Sorte,No,no_tables,,,
MB,2018,EL,21,6,Boonekamp,Yes,NA,,,
MB,2018,EL,21,6,Lanuza,Yes,NA,,,
MB,2018,EL,21,6,Cirtwill,No,no_tables,,,
MB,2018,EL,21,6,Mladkova,Yes,NA,,,
MB,2018,EL,21,6,Tylianakis,Yes,NA,,,
PD,2020,JOE,108,2,Liu,1,na,,,
PD,2020,JOE,108,2,Umaña,1,na,,,
PD,2020,JOE,108,2,Neumann,1,,,,
PD,2020,JOE,108,2,Staggmeier,0,no tables,,,
PD,2020,JOE,108,2,Martin-Guay,0,no tables,,,
PD,2020,JOE,108,2,Xi,0,no tables with error,,,
PD,2020,JOE,108,2,Hall,0,no tables with coefficients,,,
PD,2020,JOE,108,2,Sollins,0,no tables with coefficients,,,
PD,2020,JOE,108,2,Opedal,0,no tables with coefficients ,,,
PD,2020,JOE,108,2,Deveautour,0,no tables with error,,,
PD,2020,JOE,108,2,Henneron,0,no tables with coefficients ,,,
PD,2020,JOE,108,2,Bittebiere,0,no tables with coefficients,,,
PD,2020,JOE,108,2,Wardle,0,no tables with error,,,
PD,2020,JOE,108,2,Merges,1,na,,,
PD,2020,JOE,108,2,Holdo,1,na,,,
PD,2020,JOE,108,2,Ma,0,no tables with error,,,
PD,2020,JOE,108,2,Qin,1,na,,,
PD,2020,JOE,108,2,Guerrieri,0,no tables,,,
PD,2020,JOE,108,2,Alam,1,na,,,
PD,2020,JOE,108,2,Osland,0,no tables,,,
PD,2020,JOE,108,2,Jourdan,0,no tables with coefficients,,,
PD,2020,JOE,108,2,Liu,0,no tables,,,
PD,2020,JOE,108,2,Nield,0,Simulated Data,,,
PD,2020,JOE,108,2,Fang,0,no tables with error,,,
PD,2020,JOE,108,2,Sun,0,no tables,,,
PD,2020,JOE,108,2,Descombes,0,no tables with coefficients,,,
PD,2020,JOE,108,2,Bufford,0,no tables,,,
PD,2020,JOE,108,2,Wagner,0,no tables,,,
PD,2020,JOE,108,2,Clark,0,no tables with coefficients ,,,
PD,2020,JOE,108,2,Mellado,0,no tables with coefficients,,,
PD,2020,JOE,108,2,Smith,0,no tables,,,
PD,2019,JOE,107,6,Gao,0,no tables with coefficients ,,,
PD,2019,JOE,107,6,Ochoa-Hueso,0,no tables,,,
PD,2019,JOE,107,6,Wang,0,no tables,,,
PD,2019,JOE,107,6,Zhang,0,no tables,,,
PD,2019,JOE,107,6,Barceló,0,no tables with error,,,
PD,2019,JOE,107,6,Kantsa,1,na,,,
PD,2019,JOE,107,6,Navarro-Cano,1,na,,,
PD,2019,JOE,107,6,Menge,0,no tables,,,
PD,2019,JOE,107,6,Semchenko,0,no tables,,,
PD,2019,JOE,107,6,Chen,0,no tables,,,
PD,2019,JOE,107,6,Schäfer,0,no tables with coefficients ,,,
PD,2019,JOE,107,6,Fogelström,1,na,,,
PD,2019,JOE,107,6,Linders,1,na,,,
PD,2019,JOE,107,6,Sun,0,no tables with coefficients,,,
PD,2019,JOE,107,6,Chen,1,na,,,
PD,2019,JOE,107,6,Wang,1,na,,,
PD,2019,JOE,107,6,Sun,0,no tables,,,
PD,2019,JOE,107,6,Sundqvist,0,no tables with coefficients ,,,
PD,2019,JOE,107,6,Wyatt,0,no tables,,,
PD,2019,JOE,107,6,Damgaard,0,Simulated Data,,,
PD,2019,JOE,107,6,Quintana-Ascencio,0,no tables,,,
PD,2019,JOE,107,6,Peralta,1,na,,,
PD,2019,JOE,107,6,Havrilla,0,paper type,,,
PD,2019,JOE,107,6,Hagenbo,1,na,,,
PD,2019,JOE,107,4,Sankaran,0,no tables,,,
PD,2019,JOE,107,4,Shefferson,0,no tables,,,
PD,2019,JOE,107,4,Schroeder,0,no tables,,,
PD,2019,JOE,107,4,Jacquemyn,0,no tables,,,
PD,2019,JOE,107,4,Shefferson,0,no tables with coefficients ,,,
PD,2019,JOE,107,4,Pérez-Izquierdo,0,no tables with coefficients ,,,
PD,2019,JOE,107,4,Foisy,0,no tables with coefficients,,,
PD,2019,JOE,107,4,Coley,0,no tables with coefficients,,,
PD,2019,JOE,107,4,Goud,0,no tables with coefficients,,,
PD,2019,JOE,107,4,Chagnon,0,no tables with coefficients,,,
PD,2019,JOE,107,4,Reitalu,0,no tables with error,,,
PD,2019,JOE,107,4,Kuneš,0,no tables,,,
PD,2019,JOE,107,4,John Calder,0,no tables,,,
PD,2019,JOE,107,4,De Long,0,no tables with coefficients ,,,
PD,2019,JOE,107,4,Koyama,0,no tables with coefficients ,,,
PD,2019,JOE,107,4,Schütte,0,no tables with coefficients,,,
PD,2019,JOE,107,4,Carrillo,0,no tables with coefficients ,,,
PD,2019,JOE,107,4,Slate,0,no tables with coefficients,,,
PD,2019,JOE,107,4,Cagua,1,na,,,
PD,2019,JOE,107,4,Wandrag,0,no tables,,,
PD,2019,JOE,107,4,Timerman,1,na,,,
PD,2019,JOE,107,4,Yi,0,no tables,,,
PD,2019,JOE,107,4,Liang,0,no tables,,,
PD,2019,JOE,107,4,Wigley,0,no tables,,,
PD,2019,JOE,107,4,Zheng,0,no tables with error,,,
PD,2019,JOE,107,4,Sasaki,0,no tables,,,
PD,2019,JOE,107,4,Griffin,1,na,,,
PD,2019,JOE,107,4,van der Heijden,0,no tables,,,
PD,2019,JOE,107,4,Wang,0,no tables,,,
PD,2019,JOE,107,4,Kahl,0,no tables with coefficients,,,
PD,2019,JOE,107,4,iler,1,na,,,
PD,2019,JOE,107,4,Wang,1,na,,,
PD,2019,JOE,107,4,Boisvert-Marsh,1,na,,,
PD,2019,JOE,107,4,Pardee,0,no tables with coefficients,,,
PD,2019,JOE,107,4,Carroll,0,no tables,,,
PD,2019,JOE,107,4,St. Clair,0,no tables,,,
PD,2019,JOE,107,4,Pereira,0,no tables with coefficients,,,
PD,2019,JOE,107,2,Chang,0,paper type,,,
PD,2019,JOE,107,2,Prach,0,no tables,,,
PD,2019,JOE,107,2,Chang,0,no tables,,,
PD,2019,JOE,107,2,Fischer,0,no tables with coefficients,,,
PD,2019,JOE,107,2,Clark,0,no tables,,,
PD,2019,JOE,107,2,Makoto,0,no tables,,,
PD,2019,JOE,107,2,van Breugel,1,na,,,
PD,2019,JOE,107,2,Liu,0,no tables with coefficients,,,
PD,2019,JOE,107,2,Duffin,0,no tables with coefficients,,,
PD,2019,JOE,107,2,Turner,0,no tables,,,
PD,2019,JOE,107,2,Koziol,1,na,,,
PD,2019,JOE,107,2,Teste,0,no tables,,,
PD,2019,JOE,107,2,Vowles,0,no tables,,,
PD,2019,JOE,107,2,Silvério,1,na,,,
PD,2019,JOE,107,2,Arroyo,0,no tables,,,
PD,2019,JOE,107,2,Veresoglou,0,no tables,,,
PD,2019,JOE,107,2,Draper,0,no tables,,,
PD,2019,JOE,107,2,Rajala,0,no tables with coefficients,,,
PD,2019,JOE,107,2,Vega-álvarez,1,na,,,
PD,2019,JOE,107,2,Tatsumi,0,no tables,,,
PD,2019,JOE,107,2,Borges,1,na,,,
PD,2019,JOE,107,2,Fricke,0,no tables with coefficients ,,,
PD,2019,JOE,107,2,Möhl,0,no tables with coefficients,,,
PD,2019,JOE,107,2,Malecore,0,no tables with coefficients,,,
PD,2019,JOE,107,2,Feng,0,no tables with error,,,
PD,2019,JOE,107,2,Valone,0,no tables with coefficients,,,
PD,2019,JOE,107,2,Leunda,0,no tables,,,
PD,2019,JOE,107,2,Kleyer,0,no tables with coefficients,,,
PD,2019,JOE,107,2,Mazziota,0,paper type,,,
PD,2019,JOE,107,2,Kupers,0,no tables with coefficients,,,
PD,2019,JOE,107,2,Sierra,1,na,,,
PD,2019,JOE,107,2,Zambrano,0,no tables,,,
PD,2019,JOE,107,2,Zhu,0,no tables with coefficients,,,
PD,2019,JOE,107,2,Loughnan,0,no tables with coefficients,,,
PD,2019,JOE,107,2,Schrieber,0,no tables,,,
PD,2019,JOE,107,2,Mackie,0,no tables with coefficients,,,
PD,2019,JOE,107,2,Hewitt,1,na,,,
PD,2019,JOE,107,2,Buchowski,0,no tables,,,
PD,2019,JOE,107,2,Dinnage,0,no tables,,,
PD,2019,JOE,107,2,Thomas,0,paper type,,,
PD,2018,JOE,106,6,Doss,0,paper type,,,
PD,2018,JOE,106,6,Wooliver,0,no tables,,,
PD,2018,JOE,106,6,Muller,0,no tables with coefficients,,,
PD,2018,JOE,106,6,Berenguer,0,no tables,,,
PD,2018,JOE,106,6,Benítez-Malvido,1,na,,,
PD,2020,S,367,6479,Berdugo,0,no tables with error,,,
PD,2020,S,368,6496,Gregr,0,no tables with coefficients,,,
PD,2020,S,367,6481,Knope,1,na,,,
PD,2020,S,368,6493,Pashalidou,0,no tables with coefficients,,,
PD,2020,S,367,6474,Rheindt,0,no tables with coefficients,,,
PD,2020,S,368,6487,Ruger,0,no tables with coefficients,,,
PD,2020,S,368,6495,Saintilan,0,no tables with coefficients,,,
PD,2020,S,367,6478,Soroye,1,na,,,
PD,2020,S,368,6493,Sullivan,1,na,,,
PD,2020,S,368,6489,Van Klink,0,no tables with coefficients,,,
PD,2020,S,368,6494,Waller,0,no tables with coefficients,,,
PD,2020,S,368,6492,Zellweger,0,no tables,,,
PD,2020,S,367,6479,Zipkin,0,no tables with coefficients,,,
PD,2019,S,363,6423,Ashton,1,na,,,
PD,2019,S,364,6436,Atkins,1,na,,,
PD,2019,S,365,6448,Baston,0,no tables with coefficients,,,
PD,2019,S,366,6470,Betts,1,na,,,
PD,2019,S,366,6463,Blowes,0,no tables,,,
PD,2019,S,364,6446,Brandl,1,na,,,
PD,2019,S,364,6442,Brennan,0,no tables with coefficients,,,
PD,2019,S,366,6462,Chaplin-Kramer,0,no tables,,,
PD,2019,S,366,6461,Chen,1,na,,,
PD,2019,S,365,6460,Damschen,0,no tables with error,,,
PD,2019,S,365,6458,Eng,0,no tables,,,
PD,2019,S,363,6432,Forrestrier,0,supplementary materials doesn't work,,,
PD,2019,S,363,6430,Free,0,no tables with coefficients,,,
PD,2019,S,366,6471,Goldbogen,1,na,,,
PD,2019,S,363,6424,Grab,1,na,,,
PD,2019,S,363,6425,Grady,1,na,,,
PD,2019,S,366,6467,Iverson,0,no tables,,,
PD,2019,S,363,6423,Lezine,0,no tables with coefficients,,,
PD,2019,S,363,6427,Paniw,0,no tables with coefficients,,,
PD,2019,S,365,6450,Park,0,no tables with coefficients,,,
PD,2019,S,366,6464,Phillips,0,no tables with coefficients,,,
PD,2019,S,364,6446,Ramesh,0,no tables with error,,,
PD,2019,S,366,6467,Rilling,1,na,,,
PD,2019,S,366,6461,Rosenberg,1,na,,,
PD,2019,S,363,6434,Scheele,1,na,,,
PD,2019,S,365,6457,Shlesinger and Loya,0,no tables with coefficients,,,
PD,2019,S,365,6459,Toth,0,no tables,,,
PD,2019,S,363,6434,Veldhuis,1,na,,,
PD,2019,S,366,6465,Yamamuro,0,no tables with coefficients,,,
PD,2018,JOE,106,6,Sangüesa-Barreda,1,na,,,
PD,2018,JOE,106,6,Loiola,0,Paper type,,,
PD,2018,JOE,106,6,DiLeo,1,na,,,
PD,2018,JOE,106,6,Souto-Vilarós,0,no tables with coefficients,,,
PD,2018,JOE,106,6,Harrison,0,no tables with coefficients,,,
PD,2018,JOE,106,6,Bezemer,0,no tables with error,,,
PD,2018,JOE,106,6,Harris,1,na,,,
PD,2018,JOE,106,6,Zhou,0,no tables with error,,,
PD,2018,JOE,106,6,Milkereit,0,no tables with coefficients,,,
PD,2018,JOE,106,6,Skaien,0,no tables with error,,,
PD,2018,JOE,106,6,Moreira,0,paper type,,,
PD,2018,JOE,106,6,Bastías,0,no tables with coefficients,,,
PD,2018,JOE,106,6,Burghardt,0,no tables with coefficients,,,
PD,2018,JOE,106,6,Quintana-Ascencio,1,na,,,
PD,2018,JOE,106,6,Souza,1,na,,,
PD,2018,JOE,106,6,Kaufmann,0,no tables with coefficients,,,
PD,2018,JOE,106,6,Visser,0,no tables with coefficients,,,
PD,2018,JOE,106,6,Umaña,1,na,,,
PD,2018,JOE,106,6,Allen,0,no tables,,,
PD,2018,JOE,106,6,Hapsari,0,no tables,,,
PD,2018,JOE,106,4,Blonder,0,no tables with coefficients,,,
PD,2018,JOE,106,4,Hedi Wenk,0,no tables with coefficients,,,
PD,2018,JOE,106,4,Beckman,0,no tables with error,,,
PD,2018,JOE,106,4,Garnier,0,no tables with coefficients,,,
PD,2018,JOE,106,4,Cailleret,0,paper type,,,
PD,2018,JOE,106,4,Fong,0,no tables with error,,,
PD,2018,JOE,106,4,Barbe,0,no tables with error,,,
PD,2018,JOE,106,4,Ran Lai,1,na,,,
PD,2018,JOE,106,4,Krah,0,no tables with error,,,
PD,2018,JOE,106,4,Saiz,1,na,,,
PD,2018,JOE,106,4,Grinath,0,no tables with error,,,
PD,2018,JOE,106,4,Bagchi,0,no tables with coefficients,,,
PD,2018,JOE,106,4,Hasegawa,0,no tables with coefficients,,,
PD,2018,JOE,106,4,Chitra-Tarak,0,no tables with coefficients,,,
PD,2018,JOE,106,4,Sanders-DeMott,0,no tables with coefficients,,,
PD,2018,JOE,106,4,Pfister,0,no tables with coefficients,,,
PD,2018,JOE,106,4,Dovrat,0,no tables with coefficients,,,
PD,2018,JOE,106,4,Merges,1,na,,,
PD,2018,JOE,106,4,Hoyos-Santillan,0,no tables with coefficients,,,
PD,2018,JOE,106,4,Wang,0,no tables with coefficients,,,
PD,2018,JOE,106,4,Cubino,1,na,,,
PD,2018,JOE,106,4,Li,0,no tables with coefficients,,,
PD,2018,JOE,106,4,Conti,0,no tables ,,,
PD,2018,JOE,106,4,Huang,0,no tables with coefficients,,,
PD,2018,JOE,106,4,Jin,1,na,,,
PD,2018,JOE,106,4,Baer,0,no tables with error,,,
PD,2018,JOE,106,4,Benito,1,na,,,
PD,2018,JOE,106,4,Rowland,0,no tables with error,,,
PD,2018,JOE,106,4,Blonder,1,na,,,
PD,2018,JOE,106,4,Löbel,0,paper type,,,
PD,2018,JOE,106,4,Lovas-Kiss,0,no tables with coefficients,,,
PD,2018,JOE,106,4,Thomas,0,no tables with coefficients,,,
PD,2018,JOE,106,2,Wurzburger,0,paper type,,,
PD,2018,JOE,106,2,Fernandez,0,no tables with coefficients,,,
PD,2018,JOE,106,2,Treseder,0,no tables with coefficients,,,
PD,2018,JOE,106,2,Hagenbo,0,no tables ,,,
PD,2018,JOE,106,2,Jacobs,0,no tables with coefficients,,,
PD,2018,JOE,106,2,Peay,1,na,,,
PD,2018,JOE,106,2,Zhu,1,na,,,
PD,2018,JOE,106,2,Maxwell Stevens,1,na,,,
PD,2018,JOE,106,2,Myers-Smith,1,na,,,
PD,2018,JOE,106,2,Fotis,0,no tables,,,
PD,2018,JOE,106,2,Lazarus,1,na,,,
PD,2018,JOE,106,2,Chen,0,no tables with error,,,
PD,2018,JOE,106,2,Krab,0,no tables with error,,,
PD,2018,JOE,106,2,Peltier,0,paper type,,,
PD,2018,JOE,106,2,Redmond,0,no tables with error,,,
PD,2018,JOE,106,2,Gamm,0,no tables with error,,,
PD,2018,JOE,106,2,Stagg,1,na,,,
PD,2018,JOE,106,2,Lenda,1,na,,,
PD,2018,JOE,106,2,Kuebbing,0,no tables with coefficients,,,
PD,2018,JOE,106,2,Endriss,0,no tables with coefficients,,,
PD,2018,JOE,106,2,Tewes,0,no tables,,,
PD,2018,JOE,106,2,Pearson,0,no tables with coefficients,,,
PD,2018,JOE,106,2,García León,0,no tables,,,
PD,2018,JOE,106,2,Forrester,1,na,,,
PD,2018,JOE,106,2,Lachmuth,1,na,,,
PD,2018,JOE,106,2,Weidlich,0,no tables with coefficients,,,
PD,2018,JOE,106,2,Visser,1,na,,,
PD,2018,JOE,106,2,Clark,0,no tables ,,,
PD,2018,S,360,6389,Barneche,0,paper type,,,
PD,2018,S,359,6381,Burgess,0,no tables with coefficients,,,
PD,2018,S,362,6415,Crall,1,na,,,
PD,2018,S,361,6407,Curtis,0,no tables with coefficients,,,
PD,2018,S,359,6373,Delgado-Baquerizo,0,no tables with coefficients,,,
PD,2018,S,361,6409,Desforges,0,no tables with error,,,
PD,2018,S,361,6405,Deutsch,0,no tables with error,,,
PD,2018,S,362,6421,Dureuil,1,na,,,
PD,2018,S,359,6378,Eyre,0,no tables with error,,,
PD,2018,S,360,6394,Gaynor,0,paper type,,,
PD,2018,S,361,6403,Hu,0,no tables with coefficients,,,
PD,2018,S,362,6410,Huang,0,no tables with coefficients,,,
PD,2018,S,359,6371,Hughes,1,na,,,
PD,2018,S,361,6406,Jesmer,0,no tables with error,,,
PD,2018,S,362,6421,Rocha,1,na,,,
PD,2018,S,359,6378,Krodsma,1,na,,,
PD,2018,S,362,6415,Kubelka,1,na,,,
PD,2018,S,359,6374,Lamb,1,na,,,
PD,2018,S,361,6406,Li,0,no tables with coefficients,,,
PD,2018,S,359,6380,Moore,0,no tables with error,,,
PD,2018,S,361,6405,Nolan,0,no tables with coefficients,,,
PD,2018,S,360,6389,O'Hanlon,0,no tables with coefficients,,,
PD,2018,S,361,6399,Rangel,0,no tables with error,,,
PD,2018,S,360,6386,Reich,0,no tables with coefficients,,,
PD,2018,S,361,6399,Rocha,0,no tables with coefficients,,,
PD,2018,S,360,6386,Smith,1,na,,,
PD,2018,S,362,6417,Stroeymeyt,0,no tables with coefficients,,,
PD,2018,S,359,6374,Tucker,1,na,,,
PD,2018,S,361,6407,Van Doren,0,no tables ,,,
PD,2018,S,359,6383,Voyles,0,no tables with coefficients,,,
PD,2018,S,359,6377,Winfree,0,no tables with coefficients,,,
PD,2020,N,581,7806,Ibrahim,0,no tables with coefficients,,,
PD,2018,N,555,7697,Albright,0,no tables with coefficients,,,
PD,2019,N,574,7777,Alvarez,0,no tables with coefficients,,,
PD,2018,N,553,7687,Amano,0,no tables with coefficients,,,
PD,2018,N,561,7724,Anderegg,1,na,,,
PD,2018,N,560,7717,Bahram,1,na,,,
PD,2018,N,562,7725,Bjorkman,1,na,,,
PD,2018,N,562,7725,Buermann,0,no tables with coefficients,,,
PD,2020,N ,580,7805,Chen,0,no tables,,,
PD,2019,N,568,7751,Ciais,0,only reports standard deviations,,,
PD,2018,N,553,7688,Daskin,1,na,,,
PD,2019,N,573,7775,Di Marco,0,no tables with error,,,
PD,2019,N,564,7735,Fadrique,0,no tables with coefficients,,,
PD,2018,N,559,7713,Graham,0,no tables with coefficients,,,
PD,2020,N,580,7802,Hanson,0,no tables with coefficients,,,
PD,2020,N,581,7806,Hein,0,no tables with coefficients,,,
PD,2020,N,580,7801,Hindell,0,no tables with coefficients,,,
PD,2019,N,574,7780,Ho,0,no tables with coefficients,,,
PD,2018,N,556,7702,Hughes,0,no tables with coefficients,,,
PD,2019,N,568,7752,Hughes,1,na,,,
PD,2020,N,580,7802,Jiang,0,no tables with error,,,
PD,2019,N,570,7761,Jonker,0,no tables with coefficients,,,
PD,2018,N,557,7707,Kardol,0,no tables with coefficients,,,
PD,2020,N,580,7801,Klages,0,no tables with coefficients,,,
PD,2018,N,558,7709,Lowery,0,no tables with coefficients,,,
PD,2018,N,558,7708,Merckx,1,na,,,
PD,2019,N,569,7757,Osman,0,no tables with coefficients,,,
PD,2018,N,553,7687,Pelligrini,1,na,,,
PD,2018,N,558,7710,Perry,0,no tables with error,,,
PD,2019,N,568,7750,Peters,0,no tables with error,,,
PD,2019,N,570,7759,Pringle,1,na,,,
ZE,2020,E,101,3,Zirbel,No ,no_tables,,,
ZE,2020,E,101,3,Pagano,No ,no_tables,,,
ZE,2020,E,101,3,Oli,Yes,NA,,,
ZE,2020,E,101,3,Gownaris,No ,no_tables,,,
ZE,2020,E,101,3,Elias,No ,no_tables,,,
ZE,2020,E,101,3,Thorn,No,no_tables,,,
ZE,2020,E,101,3,Liu,No ,no_tables,,,
ZE,2020,E,101,3,Stephens,No,no_tables,,,
ZE,2020,E,101,3,Ferlian,No ,paper_type,,,
ZE,2020,E,101,3,Tatsumi,No ,no_tables,,,
ZE,2020,E,101,3,Rocca,No ,no_tables,,,
ZE,2020,E,101,3,Luimstra,No ,no_tables,,,
ZE,2020,E,101,3,Krueck,No ,no_tables,,,
ZE,2020,E,101,3,Jupe,No,no_tables,,,
ZE,2020,E,101,3,Magnusson,No,paper_type,,,
ZE,2020,E,101,3,Requier,Yes,NA,,,
ZE,2020,E,101,3,Potapov,Yes,NA,,,
ZE,2020,E,101,3,Molina,No ,no_tables,,,
ZE,2020,E,101,4,Yeager,Yes,NA,,,
ZE,2020,E,101,4,Preston,Yes,NA,,,
ZE,2020,E,101,4,Wisnoski,Yes,NA,,,
ZE,2020,E,101,4,Peacher,No ,no_tables,,,
ZE,2020,E,101,4,Sauer,No ,paper_type,,,
ZE,2020,E,101,4,Addis,No ,no_tables,,,
ZE,2020,E,101,4,Nelson,Yes,NA,,,
ZE,2020,E,101,4,Uya,No ,no_tables,,,
ZE,2020,E,101,4,Jessop,No ,paper_type,,,
ZE,2020,E,101,4,Uiterwaal,Yes,NA,,,
ZE,2020,E,101,4,Tourneur,Yes,NA,,,
ZE,2020,E,101,4,Stephens,No ,no_tables,,,
ZE,2020,E,101,4,Mony,No ,no_tables,,,
ZE,2020,E,101,4,Kivlin,No,no_tables,,,
ZE,2020,E,101,4,Laroche,No ,no_tables,,,
ZE,2020,E,101,4,Wilcox,No ,no_tables,,,
ZE,2020,E,101,4,Kelso,No ,no_tables,,,
ZE,2020,E,101,4,Srivastava,No,no_tables,,,
ZE,2020,E,101,4,Spicer,No,no_tables,,,
BN,2020,E,101,5,Velzen,0,no_tables,,,
BN,2020,E,101,6,Start,0,no_tables,,,
BN,2020,E,101,6,Prather,1,NA,,,
BN,2020,E,101,6,Bujan,1,NA,,,
BN,2020,E,101,6,Worthy,0,no_tables,,,
BN,2020,E,101,6,D'Andrea,0,no_tables,,,
BN,2020,E,101,6,Hurtado,0,no_tables,,,
BN,2020,E,101,6,Xu,0,no_tables,,,
BN,2020,E,101,6,Harris,0,no_tables,,,
BN,2020,E,101,6,LaForgia,1,NA,,,
BN,2020,E,101,6,Leverkus,0,no_tables,,,
BN,2020,E,101,6,Heinze,0,no_tables,,,
BN,2020,E,101,6,Quigley,0,no_tables,,,
BN,2020,E,101,6,Rinella,0,no_tables,,,
BN,2020,E,101,6,Liao,0,no_tables,,,
BN,2020,E,101,6,Siqueira,0,no_tables,,,
BN,2020,E,101,6,Grosbois,1,NA,,,
BN,2020,E,101,6,Ghedini,0,no_tables,,,
BN,2020,E,101,6,Badger,0,no_tables,,,
ZE,2019,E,100,12,Kaspari,No ,no_tables,,,
ZE,2019,E,100,12,Buma,No ,no_tables,,,
ZE,2019,E,100,12,Ellison,No ,no_tables,,,
ZE,2019,E,100,12,Renne,No ,no_tables,,,
ZE,2019,E,100,12,Dawson,No,no_tables,,,
ZE,2019,E,100,12,Minucci,Yes,NA,,,
ZE,2019,E,100,12,Pizano,No ,no_tables,,,
ZE,2019,E,100,12,Lopez-Rojo,Yes,NA,,,
ZE,2019,E,100,12,Maron,Yes,NA,,,
ZE,2019,E,100,12,Agrawal,No ,no_tables,,,
ZE,2019,E,100,12,Cheeke,Yes,NA,,,
ZE,2019,E,100,12,Welk,Yes,NA,,,
ZE,2019,E,100,12,Alba,No ,no_tables,,,
ZE,2019,E,100,12,Agudelo,No ,no_tables,,,
ZE,2019,E,100,12,Burson,No ,no_tables,,,
ZE,2019,E,100,12,Moeller ,No ,no_tables,,,
ZE,2019,E,100,12,Hofmann,No,no_tables,,,
ZE,2019,E,100,12,Pigeon,Yes,NA,,,
ZE,2019,E,100,12,Chao,No ,no_tables,,,
ZE,2019,E,100,10,Chamberlin,No ,no_tables,,,
ZE,2019,E,100,10,Nell,No ,no_tables,,,
ZE,2019,E,100,10,Gough,Yes,NA,,,
ZE,2019,E,100,10,Butterfield,No ,no_tables,,,
ZE,2019,E,100,10,Zak,No ,no_tables,,,
ZE,2019,E,100,10,LoPresti,No ,no_tables,,,
ZE,2019,E,100,10,Cortez,No ,paper_type,,,
ZE,2019,E,100,10,Nunez-Mir,No ,no_tables,,,
ZE,2019,E,100,10,Pfister,No ,no_tables ,,,
ZE,2019,E,100,10,Cozzoli,No ,paper_type,,,
ZE,2019,E,100,10,Davis,No ,no_tables,,,
ZE,2019,E,100,10,Esch,No ,no_tables,,,
ZE,2019,E,100,10,de Santiago-Hernandez,No ,no_tables,,,
ZE,2019,E,100,10,Odonne,No ,no_tables,,,
ZE,2019,E,100,10,Wasson,No ,no_tables,,,
ZE,2019,E,100,10,Fabritius,No ,paper_type,,,
ZE,2019,E,100,10,Brousseau,Yes,NA,,,
ZE,2019,E,100,10,Preston,Yes,NA,,,
ZE,2019,E,100,10,McDowall,No ,no_tables,,,
ZE,2019,E,100,8,Litzow,No ,no_tables,,,
ZE,2019,E,100,8,Hicks,Yes,NA,,,
ZE,2019,E,100,8,Zepeda,No ,no_tables,,,
ZE,2019,E,100,8,Stroud,No,no_tables,,,
ZE,2019,E,100,8,Germain,No ,no_tables,,,
ZE,2019,E,100,8,Bailey,Yes,NA,,,
ZE,2019,E,100,8,Anaya-Rojas,Yes,NA,,,
ZE,2019,E,100,8,Roberts,No ,no_tables,,,
ZE,2019,E,100,8,Moneghetti,No ,no_tables,,,
ZE,2019,E,100,8,Germany,Yes,NA,,,
ZE,2019,E,100,8,Visakorpi,Yes,NA,,,
ZE,2019,E,100,8,Kazenel,Yes,NA,,,
ZE,2019,E,100,8,Dynarski,No ,no_tables,,,
ZE,2019,E,100,8,Edelfeldt,No ,no_tables,,,
ZE,2019,E,100,8,Umana,Yes,NA,,,
ZE,2019,E,100,8,Tobler,No ,paper_type,,,
ZE,2019,E,100,8,Van Klink,No ,no_tables,,,
ZE,2019,E,100,8,Karban,No ,no_tables,,,
ZE,2019,E,100,8,Ren,No ,no_tables,,,
ZE,2019,E,100,8,Chung,No,no_tables,,,
ZE,2019,E,100,8,Loke,No ,no_tables,,,
ZE,2019,E,100,8,Yamaura,No ,paper_type,,,
ZE,2019,E,100,8,Hacker,No ,no_tables,,,
ZE,2019,E,100,6,Johnson,No ,paper_type,,,
ZE,2019,E,100,6,Moreira,No,paper_type,,,
ZE,2019,E,100,6,Tamashiro,No ,no_tables,,,
ZE,2019,E,100,6,Rypkema,No,no_tables,,,
ZE,2019,E,100,6,Bastille-Rousseau,Yes,NA,,,
ZE,2019,E,100,6,Adams,No ,no_tables,,,
ZE,2019,E,100,6,Marleau,No ,paper_type,,,
ZE,2019,E,100,6,Wimp,No,no_tables,,,
ZE,2019,E,100,6,Waring,No,no_tables,,,
ZE,2019,E,100,6,Wood,Yes,NA,,,
ZE,2019,E,100,6,Ulrich,No,no_tables,,,
ZE,2019,E,100,6,Schwartz,No ,no_tables,,,
ZE,2019,E,100,6,Huryn,No ,no_tables,,,
ZE,2019,E,100,6,Alda,No ,no_tables,,,
ZE,2019,E,100,6,Dubart,No ,paper_type,,,
ZE,2019,E,100,6,Yang,No ,no_tables,,,
ZE,2019,E,100,4,Lavender,No ,no_tables,,,
ZE,2019,E,100,4,Waddle,No ,no_tables,,,
ZE,2019,E,100,4,Hertzog,No ,no_tables,,,
ZE,2019,E,100,4,Johnston,Yes,NA,,,
ZE,2019,E,100,4,Ulrich,No ,paper_type,,,
ZE,2019,E,100,4,Zhang,No ,no_tables,,,
ZE,2019,E,100,4,Nasto,No ,no_tables,,,
ZE,2019,E,100,4,Suraci,Yes,NA,,,
ZE,2019,E,100,4,Rosenblatt,No ,no_tables,,,
ZE,2019,E,100,4,Taylor,Yes,NA,,,
ZE,2019,E,100,4,Draper,No,no_tables,,,
ZE,2019,E,100,4,Leinbach,No ,no_tables,,,
ZE,2019,E,100,4,Zirbel,No ,no_tables,,,
ZE,2019,E,100,4,Harvey,No ,no_tables,,,
ZE,2019,E,100,4,Cuellar-Gempeler,No ,no_tables,,,
ZE,2019,E,100,4,Lemoine,No,paper_type,,,
ZE,2019,E,100,4,Cheng,No ,paper_type,,,
ZE,2019,E,100,4,Davies,No ,no_tables,,,
ZE,2019,E,100,2,Taylor,No ,paper_type,,,
ZE,2019,E,100,2,Felton,No ,no_tables,,,
ZE,2019,E,100,2,McMeans,No ,no_tables,,,
ZE,2019,E,100,2,Ling,No ,no_tables,,,
ZE,2019,E,100,2,Ramiadantsoa,No ,no_tables,,,
ZE,2019,E,100,2,Lu,No ,no_tables,,,
ZE,2019,E,100,2,Nelson,No ,paper_type,,,
ZE,2019,E,100,2,Jauker,No ,no_tables,,,
ZE,2019,E,100,2,Young,Yes,NA,,,
ZE,2019,E,100,2,Smith,No ,paper_type,,,
ZE,2019,E,100,2,Trager,Yes,NA,,,
ZE,2019,E,100,2,Dal Bello,Yes,NA,,,
ZE,2018,E,99,12,Sedio,No ,no_tables,,,
ZE,2018,E,99,12,Vidal,No ,no_tables,,,
ZE,2018,E,99,12,Fahey,No ,no_tables,,,
ZE,2018,E,99,12,Whitaker,No,no_tables,,,
ZE,2018,E,99,12,Clegg,No,no_tables,,,
ZE,2018,E,99,12,Wang,No,paper_type,,,
ZE,2018,E,99,12,Moreira,No ,no_tables,,,
ZE,2018,E,99,12,Muscarella,No ,paper_type,,,
ZE,2018,E,99,12,Haram,Yes,NA,,,
ZE,2018,E,99,12,Latombe,No ,no_tables,,,
ZE,2018,E,99,12,Toll,Yes,NA,,,
ZE,2018,E,99,12,Chen,No,paper_type,,,
ZE,2018,E,99,12,Boeken,No,no_tables,,,
ZE,2018,E,99,12,White,No,no_tables,,,
ZE,2018,E,99,12,Genovart,No,no_tables,,,
ZE,2018,E,99,12,Marchetto,Yes,NA,,,
ZE,2018,E,99,12,Zemunik,No,no_tables,,,
ZE,2018,E,99,12,Penczykowski,Yes,NA,,,
ZE,2018,E,99,10,Chisholm,No,no_tables,,,
ZE,2018,E,99,10,Knapp,No,no_tables,,,
ZE,2018,E,99,10,Thomann,No,no_tables,,,
ZE,2018,E,99,10,Fletcher Jr. ,No,no_tables,,,
ZE,2018,E,99,10,Farzan,No,no_tables,,,
ZE,2018,E,99,10,DeMalach,No,paper_type,,,
ZE,2018,E,99,10,Douda,No,no_tables,,,
ZE,2018,E,99,10,Simler,No,no_tables,,,
ZE,2018,E,99,10,Luo,No,no_tables,,,
ZE,2018,E,99,10,Xu,No,no_tables,,,
ZE,2018,E,99,10,Spear,Yes ,NA,,,
ZE,2018,E,99,10,Fry,No,no_tables,,,
ZE,2018,E,99,10,Fortunel,Yes ,NA,,,
ZE,2018,E,99,10,Parker,No,no_tables,,,
ZE,2018,E,99,10,Roscher,No,no_tables,,,
ZE,2018,E,99,10,Louthan,No,no_tables,,,
ZE,2018,E,99,10,Moffett,No,no_tables,,,
ZE,2018,E,99,10,García‐Callejas,No,paper_type,,,
ZE,2018,E,99,10,Wetzel,No ,no_tables,,,
ZE,2018,E,99,10,Homyak,Yes ,NA,,,
ZE,2018,E,99,10,Marinos,No,no_tables,,,
ZE,2018,E,99,10,D'Aloia,No,paper_type,,,
ZE,2018,E,99,10,Paterson,No,no_tables,,,
ZE,2018,E,99,8,Rindi,No,no_tables,,,
ZE,2018,E,99,8,Coverdale,No,no_tables,,,
ZE,2018,E,99,8,Clappe,No ,paper_type,,,
ZE,2018,E,99,8,jones,No,no_tables,,,
ZE,2018,E,99,8,Compson,No,no_tables,,,
ZE,2018,E,99,8,Greenop,No ,paper_type,,,
ZE,2018,E,99,8,Wilson,Yes,NA,,,
ZE,2018,E,99,8,Allgeier,No,no_tables,,,
ZE,2018,E,99,8,Groner,Yes ,NA,,,
ZE,2018,E,99,8,Lichtenberg,No,no_tables,,,
ZE,2018,E,99,8,Taylor,No,paper_type,,,
ZE,2018,E,99,8,Veen,No,no_tables,,,
ZE,2018,E,99,8,yang,No,no_tables,,,
ZE,2018,E,99,8,LaRue,No,no_tables,,,
ZE,2018,E,99,8,Robinson,No,no_tables,,,
ZE,2018,E,99,8,Salant,No,no_tables,,,
ZE,2018,E,99,6,Hulvey,Yes,NA,,,
ZE,2018,E,99,6,Cahoon,Yes,NA,,,
ZE,2018,E,99,6,Pearson,No,no_tables,,,
ZE,2018,E,99,6,Andrew,Yes,NA,,,
ZE,2018,E,99,6,Larsen,No,no_tables,,,
ZE,2018,E,99,6,Tang,No,no_tables,,,
ZE,2018,E,99,6,Martinez,Yes,NA,,,
ZE,2018,E,99,6,Álvarez‐Noriega,Yes,NA,,,
ZE,2018,E,99,6,Morello,No,no_tables,,,
ZE,2018,E,99,6,Benke,No,no_tables,,,
ZE,2018,E,99,6,Zhang,No,no_tables,,,
ZE,2018,E,99,6,Walter,Yes,NA,,,
ZE,2018,E,99,6,Zimmerman,No,no_tables,,,
ZE,2018,E,99,6,Daleo,No,no_tables,,,
ZE,2018,E,99,6,Johnson,No ,no_tables,,,
ZE,2018,E,99,6,Allen,No ,no_tables,,,
ZE,2018,E,99,6,Baker,Yes,NA,,,
ZE,2018,E,99,6,Hausch,No,no_tables,,,
ZE,2018,E,99,6,Mehner,No,no_tables,,,
ZE,2018,E,99,6,Tucker,No,paper_type,,,
ZE,2018,E,99,6,Bennett,Yes,NA,,,
ZE,2018,E,99,4,Li,No,no_tables,,,
ZE,2018,E,99,4,Prather,No,no_tables,,,
ZE,2018,E,99,4,Kindinger,No ,no_tables,,,
ZE,2018,E,99,4,Maynard,No,no_tables,,,
ZE,2018,E,99,4,Yackulic,No,paper_type,,,
ZE,2018,E,99,4,Anderson,No,no_tables,,,
ZE,2018,E,99,4,Cornacchia,No,paper_type,,,
ZE,2018,E,99,4,Qi,No,no_tables,,,
ZE,2018,E,99,4,Collins,Yes,NA,,,
ZE,2018,E,99,4,Zhang,No,paper_type,,,
ZE,2018,E,99,4,Williams ,No,no_tables,,,
ZE,2018,E,99,4,Rogers,Yes,NA,,,
ZE,2018,E,99,4,LaForgia,Yes,NA,,,
ZE,2018,E,99,4,Singer,Yes,NA,,,
ZE,2018,E,99,4,Tenhumberg,No,no_tables,,,
ZE,2018,E,99,4,Austen,Yes,NA,,,
ZE,2018,E,99,4,Morton,Yes,NA,,,
ZE,2018,E,99,4,Marion,No,paper_type,,,
ZE,2018,E,99,4,Uya,No,no_tables,,,
ZE,2018,E,99,4,Hansen,No ,no_tables,,,
ZE,2018,E,99,2,Fogarty,Yes,NA,,,
ZE,2018,E,99,2,Fernandez-Conradi,No,no_tables,,,
ZE,2018,E,99,2,Andriuzzi,No ,no_tables,,,
ZE,2018,E,99,2,Choudoir,No ,no_tables,,,
ZE,2018,E,99,2,Prior,No ,no_tables,,,
ZE,2018,E,99,2,Demi,No ,no_tables,,,
ZE,2018,E,99,2,Leps,No,no_tables,,,
ZE,2018,E,99,2,Bachelot,No,paper_type,,,
ZE,2018,E,99,2,Duarte,No,paper_type,,,
ZE,2018,E,99,2,Haan ,No,no_tables,,,
ZE,2018,E,99,2,Ibanez,No ,no_tables,,,
ZE,2018,E,99,2,Shlesinger,No ,no tables,,,
ZE,2018,E,99,2,Goswami,No ,no_tables,,,
ZE,2018,E,99,2,Rogers,No ,no_tables,,,
ZE,2018,E,99,2,Maron,No,no_tables,,,
ZE,2018,E,99,2,Hakkenberg,No ,no_tables,,,
ZE,2018,EL,21,2,Lindmark,No ,paper_type,,,
ZE,2018,EL,21,2,Jurgens,Yes,NA,,,
ZE,2018,EL,21,2,Urabe,No ,no_tables,,,
ZE,2018,EL,21,2,Macdonald,No,no_tables,,,
ZE,2018,EL,21,2,Jo,No,no_tables,,,
ZE,2018,EL,21,2,Petegem,No,no_tables,,,
ZE,2018,EL,21,2,Grifﬁn,Yes,NA,,,
ZE,2018,EL,21,2,Stevens‐Rumann,Yes,NA,,,
ZE,2018,EL,21,2,Rodrıguez-Nevado,No ,no_tables,,,
ZE,2018,EL,21,2,Kagawa,No ,no_tables,,,
ZE,2018,EL,21,2,Paniw,No,no_tables,,,
ZE,2018,EL,21,2,Auer,Yes,NA,,,
ZE,2018,EL,21,2,abbott,No ,no_tables,,,
ZE,2018,EL,21,2,Silk,No,no_tables,,,
ZE,2018,EL,21,4,Faust,No,paper_type,,,
ZE,2018,EL,21,4,Emer,No,no_tables,,,
ZE,2018,EL,21,4,Clark,No,no_tables,,,
ZE,2018,EL,21,4,Zhu,No,no_tables,,,
ZE,2018,EL,21,4,Rivett,No,no_tables,,,
ZE,2018,EL,21,4,Poff,No,no_tables,,,
ZE,2018,EL,21,4,Budischak,Yes,NA,,,
ZE,2018,EL,21,4,Pascoal,No,no_tables,,,
ZE,2018,EL,21,4,Beale,maybe,medians,,,
ZE,2018,EL,21,4,Galic,No,paper_type,,,
ZE,2018,EL,21,4,Baskett,No,no_tables,,,
YL,2020,E,101,1,Yang,N,No table,,,
YL,2020,E ,101,1,Stewart,N,Modeling,,,
YL,2020,E ,101,1,Freeman,Y,Table (Experiment),,,
YL,2020,E ,101,1,Barry,N,No table,,,
YL,2020,E ,101,1,Lajtha,N,No table,,,
YL,2020,E ,101,1,Morton,N,No table,,,
YL,2020,E ,101,1,Castorani,N,No table,,,
YL,2020,E ,101,1,Frenken,N,No table,,,
YL,2020,E ,101,1,Ciannelli,N,No table,,,
YL,2020,E ,101,1,Lamb,N,No table,,,
YL,2020,E ,101,1,Hoffmann,N,Modeling,,,
YL,2020,E ,101,1,Giejszotowt,N,No table,,,
YL,2020,E ,101,1,Löffler,N,No table,,,
YL,2020,E ,101,1,Papp,N,No table,,,
YL,2020,E ,101,1,Dobson,Y,Table (Experiment+Observation),,,
YL,2020,E ,101,1,Thibaut,N,No table,,,
YL,2020,E ,101,1,Lee,N,No table,,,
YL,2020,E ,101,1,Roberts,N,No table,,,
YL,2020,E ,101,1,Journé,N,No table,,,
YL,2020,E ,101,1,Coblentz,N,No table,,,
YL,2020,E,101,2,Tikhonov,N,No table,,,
YL,2020,E,101,2,O’Connor,N,No table,,,
YL,2020,E,101,2,Salazar,N,Meta-analysis,,,
YL,2020,E,101,2,Baldwin,N,Meta-analysis,,,
YL,2020,E,101,2,Merchand,N,No table,,,
YL,2020,E,101,2,Gross,N,No table,,,
YL,2020,E,101,2,Charles,N,No table,,,
YL,2020,E,101,2,López‐Delgado,N,No table,,,
YL,2020,E,101,2,Randall,N,No table,,,
YL,2020,E,101,2,Yeruham,N,No table,,,
YL,2020,E,101,2,Grabowski,N,No table,,,
YL,2020,E,101,2,Haak,N,No table,,,
YL,2020,E,101,2,Gamble,N,Simulated Data,,,
YL,2020,E,101,2,Karatayev,N,No table,,,
YL,2020,E,101,2,Winnicki,Y,Table,,,
YL,2020,E,101,2,Barve,N,No table,,,
YL,2020,E,101,5,Merinero,Y,Table (Observation),,,
YL,2020,E,101,5,Andrus,Y,Table (Experiment),,,
YL,2020,E,101,5,Bharath,Y,Table (Experiment),,,
YL,2019,E,100,1,Resasco,N,No table,,,
YL,2019,E,100,1,Durden,Y,Table (Experiment),,,
YL,2019,E,100,1,Shima,N,No table,,,
YL,2019,E,100,1,Jonsen,N,No table,,,
YL,2019,E,100,1,Anderson,N,Simulated Data,,,
YL,2019,E,100,1,Elderd,N,No table,,,
YL,2019,E,100,1,Daou,N,No table,,,
YL,2019,E,100,1,He,N,No table,,,
YL,2019,E,100,1,Rana,N,No table,,,
YL,2019,E,100,1,Peng,N,Meta-analysis,,,
YL,2019,E,100,1,Michelot,N,Simulated Data,,,
YL,2019,E,100,1,Leasure,N,No table,,,
YL,2019,E,100,1,Lindestad,Y,Table,,,
YL,2019,E,100,1,Haverkamp,N,No table,,,
YL,2019,E,100,1,Coloma,N,No table,,,
YL,2019,E,100,1,Umaña,Y,Table (Observation),,,
YL,2019,E,100,3,Welti,N,No table,,,
YL,2019,E,100,3,Muth,N,No table,,,
YL,2019,E,100,3,Tenan,N,Simulated Data,,,
YL,2019,E,100,3,Wells,N,No table,,,
YL,2019,E,100,3,Lazarina,N,No table,,,
YL,2019,E,100,3,Turner,N,No table,,,
YL,2019,E,100,3,Edumunds,N,No table,,,
YL,2019,E,100,3,Marino Jr.,N,No table,,,
YL,2019,E,100,3,Caplan,N,No table,,,
YL,2019,E,100,3,McFadden,N,No table,,,
YL,2019,E,100,3,Zhang,N,No table,,,
YL,2019,E,100,3,Lindsay,N,No table,,,
YL,2019,E,100,3,Losapio,Y,Table (Experiment),,,
YL,2019,E,100,3,Wang,N,No table,,,
YL,2019,E,100,3,Guo,N,No table with error,,,
YL,2019,E,100,3,Dunn,Y,Table,,,
YL,2019,E,100,5,Larson,N ,No table,,,
YL,2019,E,100,5,Jarvis,N,No table,,,
YL,2019,E,100,5,Lowe,N,No table,,,
YL,2019,E,100,5,Pessarrodona,Y,Table,,,
YL,2019,E,100,5,Hung,N,No table with error,,,
YL,2019,E,100,5,Schnitzer,N,No table,,,
YL,2019,E,100,5,Wilson,N,No table,,,
YL,2019,E,100,5,Zhao,N,No table,,,
YL,2019,E,100,5,Terborgh,N,No table,,,
YL,2019,E,100,5,Yuan,N,No table with error,,,
YL,2019,E,100,5,Armitage,Y,Table,,,
YL,2019,E,100,5,Brodie,N,Meta-analysis,,,
YL,2019,E,100,5,Hock,N,No table,,,
YL,2019,E,100,5,Sande,Y,Table(Observation),,,
YL,2019,E,100,5,Dillon,Y,Table(Observation),,,
YL,2019,E,100,5,Mahon,Y,Table,,,
YL,2019,E,100,5,Bashevkin,Y,Table (Experiment),,,
YL,2019,E,100,5,Denk,N,Simulated Data,,,
YL,2019,E,100,5,Buchkowski,N,Simulated Data,,,
YL,2019,E,100,5,Viera‐Pérez,N,No table,,,
YL,2019,E,100,7,Brooks,N,No table,,,
YL,2019,E,100,7,Smith,Y,Table(Observation),,,
YL,2019,E,100,7,Ng'weno,N,No table,,,
YL,2019,E,100,7,Pillai,N,No table,,,
YL,2019,E,100,7,Lamy,N,No table,,,
YL,2019,E,100,7,Dove,N,Meta-analysis,,,
YL,2019,E,100,7,Crone,N,No table,,,
YL,2019,E,100,7,Majumder,N,No table,,,
YL,2019,E,100,7,Schreiber,N,No table,,,
YL,2019,E,100,7,LeCraw,N,No table,,,
YL,2019,E,100,7,Portier,N,No table,,,
YL,2019,E,100,7,Stotz,N,No table,,,
YL,2019,E,100,7,Menegotto,N,No table with error,,,
YL,2019,E,100,7,Simon,N,No table,,,
YL,2019,E,100,7,Donnelly,N,No table,,,
YL,2019,E,100,7,Stark,N,No table,,,
YL,2019,E,100,7,Butler,N,No table,,,
YL,2019,E,100,7,Tierney,Y,Table,,,
YL,2019,E,100,9,Weinstein,Y,Table(Observation),,,
YL,2019,E,100,9,Brook,N,No table,,,
YL,2019,E,100,9,Mougeot,Y,Table,,,
YL,2019,E,100,9,Stavert,Y,Table(Experimental),,,
YL,2019,E,100,9,Allsup,Y,Table(Experimental),,,
YL,2019,E,100,9,Seabloom,N,No table with error,,,
YL,2019,E,100,9,Virta,N,No table,,,
YL,2019,E,100,9,Laidre,N,No table,,,
YL,2019,E,100,9,Start,N,No table,,,
YL,2019,E,100,9,Li,N,Simulated Data,,,
YL,2019,E,100,9,Chen,N,No table,,,
YL,2019,E,100,9,Meng,N,No table,,,
YL,2019,E,100,9,Sun,N,No table,,,
YL,2019,E,100,9,Toth,N,No table,,,
YL,2019,E,100,9,Crowder,N,No table,,,
YL,2019,E,100,9,Crees,N,No table,,,
YL,2019,E,100,9,Baudouin,N,No table,,,
YL,2019,E,100,9,Lee,Y,Table,,,
YL,2019,E,100,9,Wang,N,No table,,,
YL,2019,E,100,9,Stanton,N,No table,,,
YL,2019,E,100,9,Pinheiro,N,Simulated Data,,,
YL,2019,E,100,11,Bortolus,N,No table,,,
YL,2019,E,100,11,Maute,N,No table,,,
YL,2019,E,100,11,Wyk,N,No table,,,
YL,2019,E,100,11,Clark,N,No table with error,,,
YL,2019,E,100,11,Bledsoe,N,No table,,,
YL,2019,E,100,11,Santos,Y,Table,,,
YL,2019,E,100,11,Case,Y,Table,,,
YL,2019,E,100,11,Smith-Martin,Y,Table(Experimental),,,
YL,2019,E,100,11,Zhang,N,No table,,,
YL,2019,E,100,11,Renne,N,No table,,,
YL,2019,E,100,11,Schouten,N,No table,,,
YL,2019,E,100,11,Chen,N,No table,,,
YL,2019,E,100,11,Meunier,N ,No table,,,
YL,2019,E,100,11,Morales-Molino,N,No table,,,
YL,2019,E,100,11,Chen,N,No table with error,,,
YL,2019,E,100,11,Zhou,N,No table,,,
YL,2019,E,100,11,Passy,N,No table,,,
YL,2019,E,100,11,Gerhard,N,No table,,,
YL,2019,E,100,11,Garcia,Y,Table(Experimental),,,
YL,2019,E,100,11,Carter,N,No table,,,
YL,2019,E,100,11,Gil,N,No table,,,
YL,2019,E,100,11,Strauss,N ,No table,,,
YL,2019,E,100,11,García‐Callejas,N,No table,,,
YL,2019,E,99,1,DeLong,N,Simulated Data,,,
YL,2019,E,99,1,Barton,N,No table,,,
YL,2019,E,99,1,Chacoff,Y,Table,,,
YL,2019,E,99,1,Reynolds,Y,Table,,,
YL,2019,E,99,1,Cook,Y,Table,,,
YL,2019,E,99,1,Resetarits,N,No table,,,
YL,2019,E,99,1,Donelan,N,No table,,,
YL,2019,E,99,1,Pyšek,Y,Table (Experiment),,,
YL,2019,E,99,1,Marteinsdóttir,N,No table,,,
YL,2019,E,99,1,Strona,N,No table,,,
YL,2019,E,99,1,Shima,N,No table,,,
YL,2019,E,99,1,Zhou,N,No table,,,
YL,2019,E,99,1,Måre,N,No table,,,
YL,2019,E,99,1,Bonanomi,N,No table,,,
YL,2019,E,99,1,Steenweg,N,No table,,,
YL,2019,E,99,1,McClain,N,No table,,,
YL,2019,E,99,1,Horst,N,No table,,,
YL,2019,E,99,1,Cline,N,No table with error,,,
YL,2019,E,99,1,Bailey,N,No table,,,
YL,2019,E,99,3,David,Y,Table,,,
YL,2019,E,99,3,Barner,N,No table,,,
YL,2019,E,99,3,Andrus,Y,Table (Observation),,,
YL,2019,E,99,3,Rudgers,Y,Table (Observation),,,
YL,2019,E,99,3,Delgado-Baquerizo,N,No table,,,
YL,2019,E,99,3,Kempel,N,No table,,,
YL,2019,E,99,3,Bachelot,N,No table,,,
YL,2019,E,99,3,Winkler,N,No table,,,
YL,2019,E,99,3,Stige,N,No table,,,
YL,2019,E,99,3,Taylor,Y,Table ,,,
YL,2019,E,99,3,Canter,N,No table,,,
YL,2019,E,99,3,Resetarits Jr.,N,No table,,,
YL,2019,E,99,3,Schoolmaster Jr.,N,Modeling,,,
YL,2019,E,99,3,Dalton,Y,Table ,,,
YL,2019,E,99,3,Freilich,N,No table,,,
YL,2019,E,99,3,Winter,N,No table,,,
YL,2019,E,99,3,Schnyder,N,No table,,,
YL,2019,E,99,3,Douhard,Y,Table (Observation),,,
YL,2019,E,99,3,Rodtassana,N,No table,,,
YL,2019,E,99,3,Song,N,No table,,,
YL,2019,E,99,5,Connell,N,No table,,,
YL,2019,E,99,5,Nater,Y,Table ,,,
YL,2019,E,99,5,Lany,Y,Table,,,
YL,2019,E,99,5,Fajardo,Y,Table,,,
YL,2019,E,99,5,Faldyn,N,No table,,,
YL,2019,E,99,5,Roden,N,Simulated Data,,,
YL,2019,E,99,5,Champagnon,N,No table,,,
YL,2019,E,99,5,Brett,N,No table with error,,,
YL,2019,E,99,5,Blubaugh,Y,Table (Observation),,,
YL,2019,E,99,5,Heirpern,N,No table,,,
YL,2019,E,99,5,Burson,N,No table,,,
YL,2019,E,99,5,Howell,N,No table,,,
YL,2019,E,99,5,Wright,N,No table,,,
YL,2019,E,99,5,Kleinhesselink,Y,Table (Observation),,,
YL,2019,E,99,5,Cayuela,N,Simulated Data,,,
YL,2019,E,99,5,Shackelford,N,No table,,,
YL,2019,E,99,5,Saito,N,Simulated Data,,,
YL,2019,E,99,5,Durán,N,No table,,,
YL,2019,E,99,5,Menke,N,No table,,,
YL,2019,E,99,5,Pires,N,No table,,,
YL,2019,E,99,5,Roscher,N,No table with error,,,
YL,2019,E,99,7,McMahon,N,No table,,,
YL,2019,E,99,7,Christensen,N ,No table,,,
YL,2019,E,99,7,Moody,N,No table,,,
YL,2019,E,99,7,Ostfeld,N,No table,,,
YL,2019,E,99,7,Haggerty,Y,Table ,,,
YL,2019,E,99,7,Pepi,N,No table,,,
YL,2019,E,99,7,Preston,N,No table with error,,,
YL,2019,E,99,7,Bosc,N,No table,,,
YL,2019,E,99,7,Smith,N,No table,,,
YL,2019,E,99,7,Adler,N,No table with error,,,
YL,2019,E,99,7,Rael,N,No table,,,
YL,2019,E,99,7,Cantin,N,No table,,,
YL,2019,E,99,7,Mclntire,N,No table,,,
YL,2019,E,99,7,Huang,N,No table,,,
YL,2019,E,99,9,Maag,Y,Table (Observation),,,
YL,2019,E,99,9,Porazinska,Y,Table,,,
YL,2019,E,99,9,Seabloom,N,No table,,,
YL,2019,E,99,9,Bracewell,Y,Table (Experiment),,,
YL,2019,E,99,9,Shocket,N,Simulated Data,,,
YL,2019,E,99,9,Zalamea,N,No table,,,
YL,2019,E,99,9,Shik,N,No table,,,
YL,2019,E,99,9,Ramos,Y,Table,,,
YL,2019,E,99,9,Matsuzaki,N,No table,,,
YL,2019,E,99,9,Zheng,Y,Table,,,
YL,2019,E,99,9,Bouchard,N,No table,,,
YL,2019,E,99,9,Martin,N,No table,,,
YL,2019,E,99,9,Bailie,N,No table,,,
YL,2019,E,99,9,Soper,N,No table,,,
YL,2019,E,99,9,Tiede,Y,Table ,,,
YL,2019,E,99,9,Si,Y,Table,,,
YL,2019,E,99,9,Prather,Y,Table,,,
YL,2019,E,99,11,Sullivan,N,No table,,,
YL,2019,E,99,11,Quinn,N,No table,,,
YL,2019,E,99,11,Castorani,N,No table,,,
YL,2019,E,99,11,Nottingham,Y,Table ,,,
YL,2019,E,99,11,Hammill,N,No table,,,
YL,2019,E,99,11,Tsuji,N,No table,,,
YL,2019,E,99,11,Jiao,N,Modeling,,,
YL,2019,E,99,11,Winbourne,N,No table,,,
YL,2019,E,99,11,Berdanier,N,No table,,,
YL,2019,E,99,11,Donadi,N,No table,,,
YL,2019,E,99,11,Verlinden,Y,Table ,,,
YL,2019,E,99,11,Adler,N,No table,,,
YL,2019,E,99,11,Johnston,N,No table,,,
YL,2019,E,99,11,Subalusky,N,No table,,,
YL,2019,E,99,11,Bogdziewicz,N,No table,,,
YL,2019,E,99,11,Sugiyama,Y,Table (Experiment),,,
YL,2019,E,99,11,Houlahan,N,Meta-analysis,,,
YL,2019,E,99,11,Edmunds,N ,No table,,,
PD,2020,E,101,5,Lamy,N,no table with coefficients,,,
PD,2020,E,101,5,Eisaguirre,N,no table with coefficients,,,
PD,2020,E,101,5,Shurin,N,no table with coefficients,,,
PD,2020,E,101,5,Kominoski,N,no table with coefficients,,,
PD,2020,E,101,5,Williams,N,meta-analysis,,,
PD,2020,E,101,5,Terbough,N,no table with coefficients,,,
PD,2020,E,101,5,Estrada-Villegas,N,no table with coefficients,,,
PD,2020,E,101,5,Bongers,N,no table with coefficients,,,
PD,2020,E,101,5,Moyano,N,Meta-analysis,,,
PD,2020,E,101,5,Schleuss,N,no table with coefficients,,,
PD,2020,E,101,5,Wigley,N,no table with coefficients,,,
PD,2020,E,101,5,Bruckerhoff,N,no table with error,,,
PD,2020,E,101,5,Van Velzen,N ,no table with coefficients,,,
LW,2020,EL,23,6,Shoemaker,No,no table,,,
LW,2020,EL,23,6,Siepielski,Yes,meets all criteria,,,
LW,2020,EL,23,6,Sol,No,no table,,,
LW,2020,EL,23,6,Heinen,No,no table,,,
LW,2020,EL,23,6,Karakoc,No,no table,,,
LW,2020,EL,23,6,Spagopoulou,Yes,meets all criteria,,,
LW,2020,EL,23,6,Li,No,modeling paper,,,
LW,2020,EL,23,6,Jacquet,No,no table,,,
LW,2020,EL,23,4,Paniw,No,no table,,,
LW,2020,EL,23,4,Van Schmidt,Yes,meets all criteria,,,
LW,2020,EL,23,4,Adams,No,no table,,,
LW,2020,EL,23,4,Brink,No,no table,,,
LW,2020,EL,23,4,Espinola-Novelo,No,no table,,,
LW,2020,EL,23,4,Boyce,No,no table,,,
LW,2020,EL,23,4,Ehrlen,Yes,meets all criteria,,,
LW,2020,EL,23,4,Huynh,No,no table,,,
LW,2020,EL,23,4,Watling,No,no table,,,
LW,2020,EL,23,4,Hammill,Yes,meets all criteria,,,
LW,2020,EL,23,4,Igea,No,no table,,,
LW,2020,EL,23,4,Wang,No,no table,,,
LW,2020,EL,23,4,Cunningham,No,modeling paper,,,
LW,2020,EL,23,4,Barton,No,no table,,,
LW,2020,EL,23,2,Grether,No,modeling paper,,,
LW,2020,EL,23,2,Scordato,No,no table,,,
LW,2020,EL,23,2,Masier,No,no table,,,
LW,2020,EL,23,2,Fournier,No,no table,,,
LW,2020,EL,23,2,Salles,Yes,meets all criteria,,,
LW,2020,EL,23,2,Pande,No,no table,,,
LW,2020,EL,23,2,Baker,No,no table,,,
LW,2020,EL,23,2,Meise,No,modeling paper,,,
LW,2020,EL,23,2,Salces-Castellano,No,no table,,,
LW,2020,EL,23,2,Weeks,Yes,meets all criteria,,,
LW,2020,EL,23,2,Nicholson,No,no table,,,
LW,2020,EL,23,2,Zheng,No,no table,,,
LW,2020,EL,23,2,Moran-Lopez,No,modeling paper,,,
LW,2020,EL,23,2,Morrison,No,no table,,,
LW,2019,EL,22,12,Aristide,No,modeling paper,,,
LW,2019,EL,22,12,Zhou,Yes,meets all criteria,,,
LW,2019,EL,22,12,Mitchell,No,no table,,,
LW,2019,EL,22,12,Field,No,modeling paper,,,
LW,2019,EL,22,12,Fahey,No,no table,,,
LW,2019,EL,22,12,Jelle Loonstra,No,no table,,,
LW,2019,EL,22,12,Wepking,No,no table,,,
LW,2019,EL,22,12,Simonsen,No,no table,,,
LW,2019,EL,22,12,Thompson,No,modeling paper,,,
LW,2019,EL,22,12,van der Vinne,No,no table,,,
LW,2019,EL,22,12,Bloom,Yes,meets all criteria,,,
LW,2019,EL,22,12,Hill,No,no table,,,
LW,2019,EL,22,12,Filstrup,No,modeling paper,,,
LW,2019,EL,22,12,Kunz,Yes,meets all criteria,,,
LW,2019,EL,22,12,Burant,Yes,meets all criteria,,,
LW,2019,EL,22,10,Oke,No,no table,,,
LW,2019,EL,22,10,Arnoldi,No,no table,,,
LW,2019,EL,22,10,Feit,Yes,meets all criteria,,,
LW,2019,EL,22,10,Suraci,No,credible intervals,,,
LW,2019,EL,22,10,Soranno,No,no table,,,
LW,2019,EL,22,10,Clark,No,no table,,,
LW,2019,EL,22,10,Bongalov,No,no table,,,
LW,2019,EL,22,10,Moore,Yes,meets all criteria,,,
LW,2019,EL,22,10,Parrett,Yes,meets all criteria,,,
LW,2019,EL,22,10,Gripenberg,No,no table,,,
LW,2019,EL,22,10,Nielsen,No,no table,,,
LW,2019,EL,22,10,Hallett,Yes,meets all criteria,,,
LW,2019,EL,22,10,Chan,Yes,meets all criteria,,,
LW,2019,EL,22,8,Harmand,No,no table,,,
LW,2019,EL,22,8,Leivesley,Yes,meets all criteria,,,
LW,2019,EL,22,8,Pearse,Yes,meets all criteria,,,
LW,2019,EL,22,8,Wang,No,no table,,,
LW,2019,EL,22,8,Arnillas,No,no table,,,
LW,2019,EL,22,8,Liautaud,No,modeling paper,,,
LW,2019,EL,22,8,Zettlemoyer,No,no table,,,
LW,2019,EL,22,8,Trojelsgaard,No,no table,,,
LW,2019,EL,22,8,Crawford,Yes,meets all criteria,,,
LW,2019,EL,22,8,Pihain,No,no table,,,
LW,2019,EL,22,8,Bernardo-Madrid,No,no table,,,
LW,2019,EL,22,8,Manley,Yes,meets all criteria,,,
LW,2019,EL,22,6,Branch,No,no table,,,
LW,2019,EL,22,6,Fountain-Jones,No,no table,,,
LW,2019,EL,22,6,Gano-Cohen,No,no table,,,
LW,2019,EL,22,6,van der Sande,Yes,meets all criteria,,,
LW,2019,EL,22,6,Crowther,No,no table,,,
LW,2019,EL,22,6,See,Yes,meets all criteria,,,
LW,2019,EL,22,6,Chen,No,no table,,,
LW,2019,EL,22,6,Rumschlag,No,no table,,,
LW,2019,EL,22,6,Ledent,No,no table,,,
LW,2019,EL,22,6,Barrow,Yes,credible interval not included,,,
LW,2019,EL,22,6,Hisano,No,no table,,,
LW,2019,EL,22,6,Larsen,No,no table,,,
LW,2019,EL,22,6,Horvath,No,no table,,,
LW,2019,EL,22,4,Zhang,No,no table,,,
LW,2019,EL,22,4,Gajdzik,No,no table,,,
LW,2019,EL,22,4,Ge,No,no table,,,
LW,2019,EL,22,4,Catford,Yes,meets all criteria,,,
LW,2019,EL,22,4,Kayal,Yes,modeling paper,,,
LW,2019,EL,22,4,Heberling,No,no table,,,
LW,2019,EL,22,4,Luzuriaga-Aveiga,Yes,meets all criteria,,,
LW,2019,EL,22,4,De Bona,Yes,meets all criteria,,,
LW,2019,EL,22,4,Rudman,No,no table,,,
LW,2019,EL,22,4,Stephens,No,no table,,,
LW,2019,EL,22,4,Fenberg,No,no table,,,
LW,2019,EL,22,4,Radchuk,No,no table,,,
LW,2019,EL,22,4,Waldock,No,no table,,,
LW,2019,EL,22,4,Fisher,Yes,meets all criteria,,,
LW,2019,EL,22,4,Kohli,Yes,meets all criteria,,,
LW,2019,EL,22,4,Week,No,modeling paper,,,
LW,2019,EL,22,4,Delhey,Yes,meets all criteria,,,
LW,2019,EL,22,2,Chu,Yes,meets all criteria,,,
LW,2019,EL,22,2,Feeney,No,no table,,,
LW,2019,EL,22,2,Montagano,Yes,meets all criteria,,,
LW,2019,EL,22,2,Ugine,No,no table,,,
LW,2019,EL,22,2,Xing,No,no table,,,
LW,2019,EL,22,2,Kergunteuil,Yes,meets all criteria,,,
LW,2019,EL,22,2,Lundgren,No,no table,,,
LW,2019,EL,22,2,Morel-Journel,No,no table,,,
LW,2019,EL,22,2,Chen,Yes,meets all criteria,,,
LW,2019,EL,22,2,Glassmire,No,no table,,,
LW,2019,EL,22,2,Colchero,No,no table,,,
LW,2019,EL,22,2,Larose,No,no table,,,
LW,2019,EL,22,2,Santini,No,no table,,,
LW,2018,EL,21,12,Perkins,Yes,meets all criteria,,,
LW,2018,EL,21,12,Alroy,No,no table,,,
LW,2018,EL,21,12,Kayal,No,paper repeated from 2019,,,
LW,2018,EL,21,12,Desharnais,Yes,meets all criteria,,,
LW,2018,EL,21,12,Twining,Yes,meets all criteria,,,
LW,2018,EL,21,12,Redhead,No,modeling paper,,,
LW,2018,EL,21,12,Hacket-Pain,Yes,meets all criteria,,,
LW,2018,EL,21,12,Tuck,No,no table,,,
LW,2018,EL,21,10,Hu,No,no table,,,
LW,2018,EL,21,10,Prather,No,no table,,,
LW,2018,EL,21,10,Chaine,No,no table,,,
LW,2018,EL,21,10,Batterman,No,no table,,,
LW,2018,EL,21,10,Uriarte,No,no table,,,
LW,2018,EL,21,10,Chira,Yes,meets all criteria,,,
LW,2018,EL,21,10,Wu,No,no table,,,
LW,2018,EL,21,10,Greenberg,No,no table,,,
LW,2018,EL,21,10,Maccracken,No,no table,,,
LW,2018,EL,21,10,Trugman,No,no table,,,
LW,2018,EL,21,10,Brandenburg,Yes,meets all criteria,,,
LW,2018,EL,21,8,Lukas,Yes,meets all criteria,,,
LW,2018,EL,21,8,Tietje,No,no table,,,
LW,2018,EL,21,8,Carter,Yes,meets all criteria,,,
LW,2018,EL,21,8,Padfield,Yes,meets all criteria,,,
LW,2018,EL,21,8,Ye,Yes,meets all criteria,,,
LW,2018,EL,21,8,Shao,No,no table,,,
LW,2018,EL,21,8,Ghedini,No,no table,,,
LW,2018,EL,21,8,Baert,No,no table,,,
LW,2018,EL,21,8,Kim,No,modeling paper,,,
LW,2018,EL,21,8,Zheng,No,no table,,,
LW,2018,EL,21,8,Song,No,no table,,,
LW,2018,EL,21,8,Frank,No,no table,,,
LW,2018,EL,21,8,Monteiro,No,no table,,,
LW,2020,JOE,108,3,Hope,no,paper_type,,,
LW,2020,JOE,108,3,Schmitt,no,no_tables,,,
LW,2020,JOE,108,3,Peleg,yes,NA,,,
LW,2020,JOE,108,3,Smith,no,no_tables,,,
LW,2020,JOE,108,3,Fichtner,yes,NA,,,
LW,2020,JOE,108,3,Piton,no,no_tables,,,
LW,2020,JOE,108,3,Dettweiler-Robinson,no,no_tables,,,
LW,2020,JOE,108,3,Shemesh,no,no_tables,,,
LW,2020,JOE,108,3,Kristensen`,no,no_tables,,,
LW,2020,JOE,108,3,Carteron,no,no_tables,,,
LW,2020,JOE,108,3,Johnson,yes,NA,,,
LW,2020,JOE,108,3,Douda,no,no_tables,,,
LW,2020,JOE,108,3,Brock,no,no_tables,,,
LW,2020,JOE,108,3,Landuyt,no,no_tables,,,
LW,2020,JOE,108,3,Kulmatiski,no,no_tables,,,
LW,2020,JOE,108,3,Bogdziewicz,yes,NA,,,
LW,2020,JOE,108,3,González‐Teuber,no,no_tables,,,
LW,2020,JOE,108,3,Maréchaux,yes,NA,,,
LW,2020,JOE,108,3,Rusman,no,no_tables,,,
LW,2020,JOE,108,3,Bulleri,no ,no_tables,,,
LW,2020,JOE,108,3,Maher,no,no_tables,,,
LW,2020,JOE,108,3,Shibata,yes,NA,,,
LW,2020,JOE,108,3,Johnson,no,no_tables,,,
LW,2020,JOE,108,3,Sercu,yes,NA,,,
LW,2020,JOE,108,3,Cruz-Alonso,yes,NA,,,
LW,2020,JOE,108,3,Brzeziecki,no ,no_tables,,,
LW,2020,JOE,108,3,Solarik,no,no_tables,,,
LW,2020,JOE,108,3,Tito de Morais,yes,NA,,,
LW,2020,JOE,108,3,Ascoli,no,no_tables,,,
LW,2020,JOE,108,3,Dyderski,no,paper_type,,,
LW,2020,JOE,108,1,Iritani,no,paper_type,,,
LW,2020,JOE,108,1,Kobayashi,no,paper_type,,,
LW,2020,JOE,108,1,LeRoy,no,no_tables,,,
LW,2020,JOE,108,1,Luo,yes,NA,,,
LW,2020,JOE,108,1,Leon-Sanchez,no,no_tables,,,
LW,2020,JOE,108,1,Hayes,no,no_tables,,,
LW,2020,JOE,108,1,Tebbett,yes,NA,,,
LW,2020,JOE,108,1,Brys,no,no_tables,,,
LW,2020,JOE,108,1,Mossman,yes,NA,,,
LW,2020,JOE,108,1,Allen,no,no_tables,,,
LW,2020,JOE,108,1,Joshi,no,no_tables,,,
LW,2020,JOE,108,1,Shovon,no,no_tables,,,
LW,2020,JOE,108,1,Muscarella,no,no_tables,,,
LW,2020,JOE,108,1,Estrada-Villegas,no,no_tables,,,
LW,2020,JOE,108,1,Blonder,no,no_tables,,,
LW,2020,JOE,108,1,Bialic-Murphy,no,no_tables,,,
LW,2020,JOE,108,1,Daniels,yes,NA,,,
LW,2020,JOE,108,1,Rocha-Santos,yes,NA,,,
LW,2020,JOE,108,1,Lloren,yes,NA,,,
LW,2020,JOE,108,1,Gremer,no,no_tables,,,
LW,2020,JOE,108,1,Bongers,no,no_tables,,,
LW,2020,JOE,108,1,Zhao,no,no_tables,,,
LW,2020,JOE,108,1,Villar,yes,NA,,,
LW,2020,JOE,108,1,Griffiths,no,no_tables,,,
LW,2020,JOE,108,1,Collins,no,no_tables,,,
LW,2020,JOE,108,1,Brown,yes,NA,,,
LW,2020,JOE,108,1,Rasmussen,no,no_tables,,,
LW,2020,JOE,108,1,Manrubia,no,no_tables,,,
LW,2020,JOE,108,1,Chagnon,no,no_tables,,,
LW,2020,JOE,108,1,Arnoldi,no,no_tables,,,
LW,2019,JOE,107,5,Jones,no,paper_type,,,
LW,2019,JOE,107,5,Miller,yes ,NA,,,
LW,2019,JOE,107,5,Khalil,no,no_tables,,,
LW,2019,JOE,107,5,Brandt,no,no_tables,,,
LW,2019,JOE,107,5,Cadotte,no,no_tables,,,
LW,2019,JOE,107,5,Carmona,yes,NA,,,
LW,2019,JOE,107,5,Galland,no,no_tables,,,
LW,2019,JOE,107,5,Barber,no,no_tables,,,
LW,2019,JOE,107,5,Yang,no,no_tables,,,
LW,2019,JOE,107,5,Griffin-Nolan,no,no_tables,,,
LW,2019,JOE,107,5,Vanderpoorten,no,no_tables,,,
LW,2019,JOE,107,5,Zhang,no,no_tables,,,
LW,2019,JOE,107,5,Albor,yes,NA,,,
LW,2019,JOE,107,5,Piper,no,no_tables,,,
LW,2019,JOE,107,5,Gonzalez,no,no_tables,,,
LW,2019,JOE,107,5,Liese,no,no_tables,,,
LW,2019,JOE,107,5,Ristok,no,no_tables,,,
LW,2019,JOE,107,5,Saha,no,no_tables,,,
LW,2019,JOE,107,5,Ouyang,yes,NA,,,
LW,2019,JOE,107,5,Simova,yes,NA,,,
LW,2019,JOE,107,5,Boeddinghaus,yes,NA,,,
LW,2019,JOE,107,5,Ribeiro,no,no_tables,,,
LW,2019,JOE,107,5,Hurtado,no,no_tables,,,
LW,2019,JOE,107,5,Piston,no,no_tables,,,
LW,2019,JOE,107,5,Ma,no,no_tables,,,
LW,2019,JOE,107,5,Lu,no,no_tables,,,
LW,2019,JOE,107,5,Ye,no,no_tables,,,
LW,2019,JOE,107,5,Prieto,no,no_tables,,,
LW,2019,JOE,107,5,Stephenson,no,no_tables,,,
LW,2019,JOE,107,5,Zhang,no,no_tables,,,
LW,2019,JOE,107,5,Derksen‐Hooijberg,no,no_tables,,,
LW,2019,JOE,107,5,Liu,no,no_tables,,,
LW,2019,JOE,107,5,Yuan,no,no_tables,,,
LW,2019,JOE,107,5,Stam,no,no_tables,,,
LW,2019,JOE,107,5,Lopez-Goldar,yes,NA,,,
LW,2019,JOE,107,5,Buckley,no,no_tables,,,
LW,2019,JOE,107,5,LaMalfa,no,no_tables,,,
LW,2019,JOE,107,5,Choi,yes,NA,,,
LW,2019,JOE,107,3,Pausas,no,paper_type,,,
LW,2019,JOE,107,3,Palpurina,yes,NA,,,
LW,2019,JOE,107,3,Tomlinson,no,no_tables,,,
LW,2019,JOE,107,3,Tracey,no,no_tables,,,
LW,2019,JOE,107,3,Carvajal,yes,NA,,,
LW,2019,JOE,107,3,Tangney,yes ,NA,,,
LW,2019,JOE,107,3,Luo,no,no_tables,,,
LW,2019,JOE,107,3,Hayes,no,no_tables,,,
LW,2019,JOE,107,3,Capdevila,yes,NA,,,
LW,2019,JOE,107,3,Vindstad,yes,NA,,,
LW,2019,JOE,107,3,Truchon-Savard,no,no_tables,,,
LW,2019,JOE,107,3,Levy,no,no_tables,,,
LW,2019,JOE,107,3,Batllori,no,paper_type,,,
LW,2019,JOE,107,3,Domínguez‐Begines,no,no_tables,,,
LW,2019,JOE,107,3,Lozano,no,no_tables,,,
LW,2019,JOE,107,3,Chen,no,no_tables,,,
LW,2019,JOE,107,3,Li,no,no_tables,,,
LW,2019,JOE,107,3,Baer,no,no_tables,,,
LW,2019,JOE,107,3,Tuya,no,no_tables,,,
LW,2019,JOE,107,3,Mori,no,no_tables,,,
LW,2019,JOE,107,3,Itter,no,no_tables,,,
LW,2019,JOE,107,3,Abrahao,no,no_tables,,,
LW,2019,JOE,107,3,Slate,no,no_tables,,,
LW,2019,JOE,107,3,Haeuser,yes ,NA,,,
LW,2019,JOE,107,3,Bernard-Verdier,yes,NA,,,
LW,2019,JOE,107,3,Pansu,no,no_tables,,,
LW,2019,JOE,107,3,Villamil,no,no_tables,,,
LW,2019,JOE,107,3,Rey,no,no_tables,,,
LW,2019,JOE,107,3,Quarles,no,no_tables,,,
LW,2019,JOE,107,3,Satdichanh,no,no_tables,,,
LW,2019,JOE,107,3,Kobayashi,no,no_tables,,,
LW,2019,JOE,107,3,Closset-Kopp,no,no_tables,,,
LW,2019,JOE,107,3,Rolhauser,yes,NA,,,
LW,2019,JOE,107,3,Muller-Landau,yes,NA,,,
LW,2019,JOE,107,3,Staver,no,no_tables,,,
LW,2019,JOE,107,3,Grossman,yes,NA,,,
LW,2019,JOE,107,3,Zeng,no,no_tables,,,
LW,2019,JOE,107,3,Abdala-Roberts,no,no_tables,,,
LW,2019,JOE,107,1,Bruns,no,no_tables,,,
LW,2019,JOE,107,1,Bogdziewicz,yes,NA,,,
LW,2019,JOE,107,1,Rowntree,no,no_tables,,,
LW,2019,JOE,107,1,Hegstad,yes,NA,,,
LW,2019,JOE,107,1,Christianen,no,no_tables,,,
LW,2019,JOE,107,1,Kafle,no,no_tables,,,
LW,2019,JOE,107,1,Luo,yes,NA,,,
LW,2019,JOE,107,1,Coldren,no,no_tables,,,
LW,2019,JOE,107,1,Pessarrodona,no,no_tables,,,
LW,2019,JOE,107,1,Meineke,yes,NA,,,
LW,2019,JOE,107,1,Soper,no,no_tables,,,
LW,2019,JOE,107,1,Fischer,yes,NA,,,
LW,2019,JOE,107,1,Png,no,no_tables,,,
LW,2019,JOE,107,1,Gustafsson,yes,NA,,,
LW,2019,JOE,107,1,Duffy,no,no_tables,,,
LW,2019,JOE,107,1,Dostal,yes,NA,,,
LW,2019,JOE,107,1,Bergudo,no,no_tables,,,
LW,2019,JOE,107,1,Dolezal,no,no_tables,,,
LW,2019,JOE,107,1,Morrison,no,no_tables,,,
LW,2019,JOE,107,1,Xu,no,no_tables,,,
LW,2019,JOE,107,1,Saiz,yes,NA,,,
LW,2019,JOE,107,1,Raymundo,yes,NA,,,
LW,2019,JOE,107,1,Scherrer,no,no_tables,,,
LW,2019,JOE,107,1,Ibanez,no,no_tables,,,
LW,2019,JOE,107,1,Wainwright,yes,NA,,,
LW,2019,JOE,107,1,Jager,no,no_tables,,,
LW,2019,JOE,107,1,Brum,no,no_tables,,,
LW,2019,JOE,107,1,Dietrich,no,no_tables,,,
LW,2019,JOE,107,1,Barbour,no,no_tables,,,
LW,2019,JOE,107,1,Wan,no,no_tables,,,
LW,2019,JOE,107,1,Hu,no,no_tables,,,
LW,2019,JOE,107,1,Zhang,no,no_tables,,,
LW,2019,JOE,107,1,Lustenhouwer,no,no_tables,,,
LW,2019,JOE,107,1,Flores-Torres,no,no_tables,,,
LW,2019,JOE,107,1,Sakaguchi,yes,NA,,,
LW,2019,JOE,107,1,Le Moullec,yes,NA,,,
LW,2019,JOE,107,1,De Grandpre,yes,NA,,,
LW,2019,JOE,107,1,Hoffmann,no,no_tables,,,
LW,2019,JOE,107,1,Joffard,no,no_tables,,,
LW,2019,JOE,107,1,Thomson,yes,NA,,,
LW,2018,JOE,106,5,Bartomeus,no,paper_type,,,
LW,2018,JOE,106,5,Chesson,no,paper_type,,,
LW,2018,JOE,106,5,Maron,yes,NA,,,
LW,2018,JOE,106,5,Petry,yes ,NA,,,
LW,2018,JOE,106,5,Tamburini,yes,NA,,,
LW,2018,JOE,106,5,Parker,no,no_tables,,,
LW,2018,JOE,106,5,Bimler,no,no_tables,,,
LW,2018,JOE,106,5,Cardinaux,yes,NA,,,
LW,2018,JOE,106,5,Veresoglou,yes,NA,,,
LW,2018,JOE,106,5,Siefert,no,no_tables,,,
LW,2018,JOE,106,5,Benadi,yes,NA,,,
LW,2018,JOE,106,5,Hart,no,paper_type,,,
LW,2018,JOE,106,5,Gray,no,no_tables,,,
LW,2018,JOE,106,5,Tepley,no,paper_type,,,
LW,2018,JOE,106,5,Xu,no,no_tables,,,
LW,2018,JOE,106,5,de Villemereuil,yes,NA,,,
LW,2018,JOE,106,5,Yule,yes,NA,,,
LW,2018,JOE,106,5,Wragg,no,no_tables,,,
LW,2018,JOE,106,5,Jesch,no,no_tables,,,
LW,2018,JOE,106,5,Martinez,no,no_tables,,,
LW,2018,JOE,106,5,Erktan,no,no_tables,,,
LW,2018,JOE,106,5,Castagneyrol,no,no_tables,,,
LW,2018,JOE,106,5,Muthukrishnan,yes,NA,,,
LW,2018,JOE,106,5,Le Roux,yes,NA,,,
LW,2018,JOE,106,5,Gribben,no,no_tables,,,
LW,2018,JOE,106,5,Esch,no,no_tables,,,
LW,2018,JOE,106,5,Bueno,no,no_tables,,,
LW,2018,JOE,106,5,Holmes,no,no_tables,,,
LW,2018,JOE,106,5,Barks,no,no_tables,,,
LW,2018,JOE,106,3,Soliveres,no,paper_type,,,
LW,2018,JOE,106,3,Laird,no,paper_type,,,
LW,2018,JOE,106,3,Matias,no,no_tables,,,
LW,2018,JOE,106,3,Stouffer,yes,NA,,,
LW,2018,JOE,106,3,Soliveres,yes,NA,,,
LW,2018,JOE,106,3,Ulrich,no,no_tables,,,
LW,2018,JOE,106,3,Gallien,no,paper_type,,,
LW,2018,JOE,106,3,De Boeck,no,paper_type,,,
LW,2018,JOE,106,3,Cousens,no,paper_type,,,
LW,2018,JOE,106,3,Bullock,no,paper_type,,,
LW,2018,JOE,106,3,Krapek,no,no_tables,,,
LW,2018,JOE,106,3,Chanthorn,no,no_tables,,,
LW,2018,JOE,106,3,Perez-Mendes,yes,NA,,,
LW,2018,JOE,106,3,Neuschulz,yes,NA,,,
LW,2018,JOE,106,3,Leon-Sanchez,no,no_tables,,,
LW,2018,JOE,106,3,Boulanger,no,no_tables,,,
LW,2018,JOE,106,3,Yang,no,no_tables,,,
LW,2018,JOE,106,3,Li,no,no_tables,,,
LW,2018,JOE,106,3,Bowman,no,no_tables,,,
LW,2018,JOE,106,3,Ron,no,no_tables,,,
LW,2018,JOE,106,3,Miller,yes,NA,,,
LW,2018,JOE,106,3,Keller,no,no_tables,,,
LW,2018,JOE,106,3,Mahall,no,no_tables,,,
LW,2018,JOE,106,3,Toigo,no,no_tables,,,
LW,2018,JOE,106,3,Herben,no,no_tables,,,
LW,2018,JOE,106,3,Van de Peer,no,no_tables,,,
LW,2018,JOE,106,3,Mina,no,no_tables,,,
LW,2018,JOE,106,3,Thrippleton,no,paper_type,,,
LW,2018,JOE,106,3,Mejia-Alva,no,no_tables,,,
LW,2018,JOE,106,3,Lett,no,no_tables,,,
LW,2018,JOE,106,3,Loffler,yes,NA,,,
LW,2018,JOE,106,3,Pillet,no,paper_type,,,
LW,2018,JOE,106,3,Price,no,no_tables,,,
LW,2018,JOE,106,3,Elwood,no,paper_type,,,
LW,2018,JOE,106,3,Peng,no,no_tables,,,
LW,2018,JOE,106,3,Heinen,no,no_tables,,,
LW,2018,JOE,106,3,Karlowsky,no,no_tables,,,
LW,2018,JOE,106,3,Rasmann,no,no_tables,,,
LW,2018,JOE,106,3,Morrissette‐Boileau,no,no_tables,,,
LW,2018,JOE,106,3,Kumar,no,no_tables,,,
LW,2018,JOE,106,3,Zhang,no,no_tables,,,
LW,2018,JOE,106,3,Preece,no,no_tables,,,
LW,2018,JOE,106,3,Fraser,no,paper_type,,,
LW,2018,JOE,106,3,Żywiec,no,no_tables,,,
LW,2018,JOE,106,1,Moles,no,paper_type,,,
LW,2018,JOE,106,1,Sun,yes,NA,,,
LW,2018,JOE,106,1,Bachofen,no,no_tables,,,
LW,2018,JOE,106,1,Franco,yes,NA,,,
LW,2018,JOE,106,1,González de Andrés,no,no_tables,,,
LW,2018,JOE,106,1,D'Amen,no,no_tables,,,
LW,2018,JOE,106,1,Gripenberg,yes,NA,,,
LW,2018,JOE,106,1,Mortensen,no,no_tables,,,
LW,2018,JOE,106,1,Mori,yes,NA,,,
LW,2018,JOE,106,1,Kurten,no,no_tables,,,
LW,2018,JOE,106,1,Pinho,no,no_tables,,,
LW,2018,JOE,106,1,Chen,no,no_tables,,,
LW,2018,JOE,106,1,Chou,no,no_tables,,,
LW,2018,JOE,106,1,Schiebold,no,no_tables,,,
LW,2018,JOE,106,1,Pfennigwerth,yes,NA,,,
LW,2018,JOE,106,1,Chagnon,yes,NA,,,
LW,2018,JOE,106,1,McGinn,no,no_tables,,,
LW,2018,JOE,106,1,Liu,yes,NA,,,
LW,2018,JOE,106,1,Dudenhöffer,no,no_tables,,,
LW,2018,JOE,106,1,Ochoa‐Hueso,no,no_tables,,,
LW,2018,JOE,106,1,Gerz,no,no_tables,,,
LW,2018,JOE,106,1,Oram,no,no_tables,,,
LW,2018,JOE,106,1,Bagaria,yes,NA,,,
LW,2018,JOE,106,1,Pinkalski,no,no_tables,,,
LW,2018,JOE,106,1,Ensslin,no,no_tables,,,
LW,2018,JOE,106,1,Janssen,yes,NA,,,
LW,2018,JOE,106,1,Herring,no,no_tables,,,
LW,2018,JOE,106,1,Connor,no,no_tables,,,
LW,2018,JOE,106,1,Huang,no,no_tables,,,
LW,2018,JOE,106,1,Barthelemy,no,no_tables,,,
LW,2018,JOE,106,1,Razo-Belman,no,no_tables,,,
LW,2018,JOE,106,1,Ángeles‐López,no,no_tables,,,
LW,2018,JOE,106,1,Campbell,no,no_tables,,,
LW,2018,JOE,106,1,Galman,no,no_tables,,,
LW,2018,JOE,106,1,Veldhuis,no,no_tables,,,
LW,2018,JOE,106,1,Frank,no,no_tables,,,
LW,2018,JOE,106,1,Kotilínek,no,paper_type,,,
LW,2018,N,556,,Zhang,no,no_tables,,,
LW,2020,N,581,,Wu,no,no_tables,,,
LW,2019,N,572,,Walker,yes,NA,,,
LW,2018,N,558,,van de Linde,no,no_tables,,,
LW,2019,N,572,,van de Hoogan,no,no_tables,,,
LW,2018,N,554,,Ushio,no,no_tables,,,
LW,2018,N,555,,Turner,yes ,NA,,,
LW,2020,N,580,,Trios,no,no_tables,,,
LW,2018,N,554,,Taubert,no,no_tables,,,
LW,2018,N,556,,Steinbauer,yes,NA,,,
LW,2019,N,569,,Steidinger,no,no_tables,,,
LW,2018,N,560,,Song,yes,NA,,,
LW,2019,N,574,,Siebold,no,no_tables,,,
LW,2019,N,572,,Schartup,no,no_tables,,,
LW,2019,N,567,,Rogers,yes,NA,,,
LW,2018,N,560,,Richardson,yes,NA,,,
LW,2019,N,571,,Renard,yes,NA,,,
LW,2018,N,562,,Reich,no,no_tables,,,
LW,2019,N,571,,Redding,no,no_tables,,,
LW,2018,N,555,,Quintero,no,no_tables,,,
LW,2019,N,572,,Querioz,yes,NA,,,