StartDate,EndDate,Status,Progress,Duration (in seconds),Finished,RecordedDate,ResponseId,DistributionChannel,UserLanguage,Q1,Q2,Q3,Q4,Q5,Q7,clicked,Create New Field or Choose From Dropdown...
Start Date,End Date,Response Type,Progress,Duration (in seconds),Finished,Recorded Date,Response ID,Distribution Channel,User Language,"Survey on Statistical Power in Ecology

 

Welcome!

All responses to this survey are anonymous. This survey will ask you questions about statistical power in ecological studies. It should take you fewer than 3 minutes to complete. By completing this survey, you are consenting to be in this research study. Your participation is voluntary, and you can stop at any time.



If you would like more information, please contact Dr. Meghan Avolio (meghan.avolio@jhu.edu).



Thank you, 

Meghan Avolio

Johns Hopkins University

 

If you are an ecologist and have a graduate degree, or are in a graduate program, please select ""I agree to participate"".","Statistical power is an important attribute of empirical designs in ecology. Using studies published between January 2018 and May 2020 in 5 top ecology journals, we calculated the power of the studies’ statistical tests using the methods of ﻿Ioannidis et al. 2017(doi: 10.1111/ecoj.12461).



Recall that statistical power of a statistical test is the probability of rejecting the null hypothesis when it is false. It can be impacted by the sample size of the study and the magnitude of the effect size, among other things. 




What percentage of tests do you think passed the conventional target of 80% power?",Do you conduct ecological experiments?,Do you perform power analyses before starting a new experiment?,What is your current position?,If other: What is your current position?,clicked,Create New Field or Choose From Dropdown...
"{""ImportId"":""startDate"",""timeZone"":""America/Denver""}","{""ImportId"":""endDate"",""timeZone"":""America/Denver""}","{""ImportId"":""status""}","{""ImportId"":""progress""}","{""ImportId"":""duration""}","{""ImportId"":""finished""}","{""ImportId"":""recordedDate"",""timeZone"":""America/Denver""}","{""ImportId"":""_recordId""}","{""ImportId"":""distributionChannel""}","{""ImportId"":""userLanguage""}","{""ImportId"":""QID1""}","{""ImportId"":""QID2""}","{""ImportId"":""QID4""}","{""ImportId"":""QID5""}","{""ImportId"":""QID6""}","{""ImportId"":""QID7_TEXT""}","{""ImportId"":""clicked""}","{""ImportId"":""Create New Field or Choose From Dropdown...""}"
2021-01-28 10:37:32,2021-01-28 10:38:25,IP Address,100,53,True,2021-01-28 10:38:25,R_2CliNE97VOEnuGp,anonymous,EN,I agree to participate,50 - 60%,Yes,Less than 25% of the time,Researcher outside academia,,0,
2021-01-28 10:40:09,2021-01-28 10:41:46,IP Address,100,96,True,2021-01-28 10:41:46,R_3s09cMlqamrfgiv,anonymous,EN,I agree to participate,70 - 80%,Yes,Less than 25% of the time,Graduate Student,,0,
2021-01-28 10:41:43,2021-01-28 10:42:31,IP Address,100,47,True,2021-01-28 10:42:31,R_3JI5vbMz5QWqyfT,anonymous,EN,I agree to participate,50 - 60%,No,,Post-doc,,0,
2021-01-28 10:42:16,2021-01-28 10:44:08,IP Address,100,112,True,2021-01-28 10:44:09,R_zcW2QqKwYWe9rQl,anonymous,EN,I agree to participate,40 - 50%,Yes,75% or more of the time,Faculty,,0,
2021-01-28 10:43:19,2021-01-28 10:44:28,IP Address,100,69,True,2021-01-28 10:44:29,R_3JgdTy7GYArqfLw,anonymous,EN,I agree to participate,70 - 80%,Yes,Less than 25% of the time,Graduate Student,,0,
2021-01-28 10:43:33,2021-01-28 10:44:49,IP Address,100,76,True,2021-01-28 10:44:49,R_0J4mNIm8zvOnVCh,anonymous,EN,I agree to participate,70 - 80%,Yes,Less than 25% of the time,Faculty,,0,
2021-01-28 10:44:18,2021-01-28 10:46:37,IP Address,100,138,True,2021-01-28 10:46:38,R_10veM5nfMJOpOZL,anonymous,EN,I agree to participate,60 - 70%,Yes,Less than 25% of the time,Graduate Student,,0,
2021-01-28 11:11:27,2021-01-28 11:12:11,IP Address,100,44,True,2021-01-28 11:12:12,R_RCgHBc9TEm5Pa3n,anonymous,EN,I agree to participate,60 - 70%,Yes,Less than 25% of the time,Graduate Student,,0,
2021-01-28 11:15:32,2021-01-28 11:16:19,IP Address,100,47,True,2021-01-28 11:16:19,R_32LYHLKTBAvfEn3,anonymous,EN,I agree to participate,70 - 80%,Yes,Less than 25% of the time,Post-doc,,0,
2021-01-28 11:14:12,2021-01-28 11:18:01,IP Address,100,228,True,2021-01-28 11:18:01,R_2rBClsgm0WaGr3i,anonymous,EN,I agree to participate,30 - 40%,No,,Faculty,,0,
2021-01-28 11:20:26,2021-01-28 11:21:06,IP Address,100,40,True,2021-01-28 11:21:07,R_1mmbf7WCuedwKKS,anonymous,EN,I agree to participate,20 - 30%,Yes,Less than 25% of the time,Post-doc,,0,
2021-01-28 11:21:05,2021-01-28 11:21:48,IP Address,100,42,True,2021-01-28 11:21:48,R_9Fi43SWAGd4I12N,anonymous,EN,I agree to participate,50 - 60%,Yes,Less than 25% of the time,Faculty,,0,
2021-01-28 11:24:09,2021-01-28 11:24:57,IP Address,100,48,True,2021-01-28 11:24:58,R_2vkbCobNtgH5DRy,anonymous,EN,I agree to participate,40 - 50%,Yes,75% or more of the time,Graduate Student,,0,
2021-01-28 11:29:09,2021-01-28 11:29:34,IP Address,100,25,True,2021-01-28 11:29:34,R_1Hdj7r8Q21G8o2v,anonymous,EN,I agree to participate,40 - 50%,Yes,Less than 25% of the time,Post-doc,,0,
2021-01-28 11:30:03,2021-01-28 11:36:59,IP Address,100,415,True,2021-01-28 11:36:59,R_2Ph5XDPjMTe8Jyo,anonymous,EN,I agree to participate,50 - 60%,Yes,25 - 50% of the time,Graduate Student,,0,
2021-01-28 11:40:22,2021-01-28 11:40:59,IP Address,100,37,True,2021-01-28 11:41:00,R_3fTZoA04M6WHflr,anonymous,EN,I agree to participate,70 - 80%,Yes,Never,Post-doc,,0,
2021-01-28 11:43:07,2021-01-28 11:43:58,IP Address,100,50,True,2021-01-28 11:43:58,R_2S6qVjvYT9aXU4F,anonymous,EN,I agree to participate,20 - 30%,Yes,Always,Faculty,,0,
2021-01-28 11:42:50,2021-01-28 11:44:02,IP Address,100,71,True,2021-01-28 11:44:02,R_2DN5Kx2VEyqMGSI,anonymous,EN,I agree to participate,50 - 60%,Yes,Less than 25% of the time,Researcher outside academia,,0,
2021-01-28 11:42:46,2021-01-28 11:44:10,IP Address,100,83,True,2021-01-28 11:44:10,R_2OUXqSi8y41hDtu,anonymous,EN,I agree to participate,40 - 50%,Yes,25 - 50% of the time,Post-doc,,0,
2021-01-28 11:46:36,2021-01-28 11:48:24,IP Address,100,107,True,2021-01-28 11:48:24,R_T4MFztDrlODJfMd,anonymous,EN,I agree to participate,70 - 80%,Yes,Less than 25% of the time,Graduate Student,,0,
2021-01-28 11:48:34,2021-01-28 11:49:42,IP Address,100,67,True,2021-01-28 11:49:42,R_1jfZiPf2bXirfM6,anonymous,EN,I agree to participate,60 - 70%,Yes,25 - 50% of the time,Graduate Student,,0,
2021-01-28 11:49:25,2021-01-28 11:50:56,IP Address,100,91,True,2021-01-28 11:50:57,R_3oQSFMe5vV7mteb,anonymous,EN,I agree to participate,50 - 60%,Yes,Less than 25% of the time,Post-doc,,0,
2021-01-28 12:03:27,2021-01-28 12:04:08,IP Address,100,40,True,2021-01-28 12:04:08,R_1CIOKJUw6ETAdj4,anonymous,EN,I agree to participate,30 - 40%,Yes,50 - 75% of the time,Researcher outside academia,,0,
2021-01-28 12:12:47,2021-01-28 12:14:11,IP Address,100,83,True,2021-01-28 12:14:11,R_3G9xCPvxJQHMs8R,anonymous,EN,I agree to participate,60 - 70%,No,,Graduate Student,,0,
2021-01-28 12:13:42,2021-01-28 12:14:35,IP Address,100,52,True,2021-01-28 12:14:35,R_1q3dU2nukFkCsIu,anonymous,EN,I agree to participate,30 - 40%,Yes,75% or more of the time,Graduate Student,,0,
2021-01-28 12:19:28,2021-01-28 12:21:05,IP Address,100,97,True,2021-01-28 12:21:06,R_23ZBLmrNLWvREvE,anonymous,EN,I agree to participate,30 - 40%,Yes,25 - 50% of the time,Researcher outside academia,,0,
2021-01-28 12:21:37,2021-01-28 12:22:20,IP Address,100,42,True,2021-01-28 12:22:20,R_7R7CCNS7b30JE9H,anonymous,EN,I agree to participate,30 - 40%,Yes,75% or more of the time,Faculty,,0,
2021-01-28 12:29:33,2021-01-28 12:30:33,IP Address,100,60,True,2021-01-28 12:30:33,R_O7pQo7S8JdCeZot,anonymous,EN,I agree to participate,40 - 50%,Yes,50 - 75% of the time,Researcher outside academia,,0,
2021-01-28 12:31:05,2021-01-28 12:31:49,IP Address,100,44,True,2021-01-28 12:31:49,R_1fkemBqNJiEWkgW,anonymous,EN,I agree to participate,50 - 60%,No,,Faculty,,1,
2021-01-28 12:31:01,2021-01-28 12:32:00,IP Address,100,58,True,2021-01-28 12:32:00,R_TwmzlYorXQdpXvX,anonymous,EN,I agree to participate,30 - 40%,Yes,25 - 50% of the time,Post-doc,,0,
2021-01-28 12:31:21,2021-01-28 12:32:23,IP Address,100,62,True,2021-01-28 12:32:24,R_1fZAOzCDzsOEQDb,anonymous,EN,I agree to participate,20 - 30%,Yes,Less than 25% of the time,Faculty,,0,
2021-01-28 12:37:20,2021-01-28 12:38:29,IP Address,100,68,True,2021-01-28 12:38:29,R_2VaIKYR5qnXYIF4,anonymous,EN,I agree to participate,80 - 90%,Yes,Less than 25% of the time,Faculty,,0,
2021-01-28 12:46:42,2021-01-28 12:47:40,IP Address,100,57,True,2021-01-28 12:47:40,R_3no0G6go6y6aHGf,anonymous,EN,I agree to participate,50 - 60%,No,,Graduate Student,,0,
2021-01-28 13:03:03,2021-01-28 13:05:26,IP Address,100,142,True,2021-01-28 13:05:26,R_5ckHChH3uIKBGr7,anonymous,EN,I agree to participate,50 - 60%,Yes,Never,Graduate Student,,0,
2021-01-28 13:06:34,2021-01-28 13:07:18,IP Address,100,44,True,2021-01-28 13:07:19,R_23UAhkpg82NKl8U,anonymous,EN,I agree to participate,50 - 60%,Yes,75% or more of the time,Post-doc,,0,
2021-01-28 13:13:19,2021-01-28 13:14:09,IP Address,100,50,True,2021-01-28 13:14:10,R_p0Dy0hEjTOEjZPX,anonymous,EN,I agree to participate,60 - 70%,No,,Researcher outside academia,,0,
2021-01-28 13:20:32,2021-01-28 13:21:19,IP Address,100,46,True,2021-01-28 13:21:19,R_WxSxTmNoA48Xv3j,anonymous,EN,I agree to participate,40 - 50%,No,,Post-doc,,0,
2021-01-28 13:20:38,2021-01-28 13:22:17,IP Address,100,98,True,2021-01-28 13:22:17,R_21jp48sCio9ZWUz,anonymous,EN,I agree to participate,50 - 60%,No,,Other,retired,0,
2021-01-28 13:23:01,2021-01-28 13:25:08,IP Address,100,127,True,2021-01-28 13:25:09,R_2VfnqptJ5oO4Vx9,anonymous,EN,I agree to participate,70 - 80%,Yes,25 - 50% of the time,Post-doc,,0,
2021-01-28 13:52:05,2021-01-28 13:54:37,IP Address,100,151,True,2021-01-28 13:54:38,R_ZEqjm2xQeIh2DV7,anonymous,EN,I agree to participate,50 - 60%,No,,Post-doc,,0,
2021-01-28 13:55:20,2021-01-28 13:56:52,IP Address,100,91,True,2021-01-28 13:56:52,R_10ZBzQ1TZuitEXl,anonymous,EN,I agree to participate,40 - 50%,Yes,Less than 25% of the time,Faculty,,0,
2021-01-28 14:14:25,2021-01-28 14:15:38,IP Address,100,73,True,2021-01-28 14:15:38,R_XuncqWqpSszsWvT,anonymous,EN,I agree to participate,40 - 50%,Yes,25 - 50% of the time,Faculty,,0,
2021-01-28 14:32:27,2021-01-28 14:33:30,IP Address,100,62,True,2021-01-28 14:33:31,R_2P26EXSgeoAclB9,anonymous,EN,I agree to participate,60 - 70%,No,,Researcher outside academia,,0,
2021-01-28 15:08:12,2021-01-28 15:09:32,IP Address,100,80,True,2021-01-28 15:09:32,R_12avhRdqmT0Zq9z,anonymous,EN,I agree to participate,40 - 50%,Yes,Less than 25% of the time,Graduate Student,,0,
2021-01-28 15:10:22,2021-01-28 15:11:56,IP Address,100,94,True,2021-01-28 15:11:56,R_3HF7KE1NacX5DSZ,anonymous,EN,I agree to participate,30 - 40%,Yes,75% or more of the time,Other,Lead Scientist for regional monitoring program,0,
2021-01-28 15:11:32,2021-01-28 15:12:08,IP Address,100,35,True,2021-01-28 15:12:08,R_3lxizjrGVlPHsL6,anonymous,EN,I agree to participate,70 - 80%,Yes,Less than 25% of the time,Graduate Student,,0,
2021-01-28 15:12:18,2021-01-28 15:13:14,IP Address,100,55,True,2021-01-28 15:13:14,R_3kmIaliNw5h2y5d,anonymous,EN,I agree to participate,50 - 60%,Yes,25 - 50% of the time,Faculty,,0,
2021-01-28 15:15:13,2021-01-28 15:16:16,IP Address,100,62,True,2021-01-28 15:16:16,R_3qEYqWFZ7n5bvBX,anonymous,EN,I agree to participate,20 - 30%,No,,Faculty,,0,
2021-01-28 15:15:45,2021-01-28 15:17:39,IP Address,100,113,True,2021-01-28 15:17:39,R_1JLVws1JGWxmQq3,anonymous,EN,I agree to participate,70 - 80%,Yes,Less than 25% of the time,Post-doc,,0,
2021-01-28 15:17:18,2021-01-28 15:18:12,IP Address,100,53,True,2021-01-28 15:18:12,R_SHnT8w5joBB2Cfn,anonymous,EN,I agree to participate,50 - 60%,Yes,75% or more of the time,Post-doc,,0,
2021-01-28 15:24:40,2021-01-28 15:25:30,IP Address,100,50,True,2021-01-28 15:25:31,R_3p8PoIX9L4TA1qG,anonymous,EN,I agree to participate,10 - 20%,No,,Graduate Student,,0,
2021-01-28 15:25:24,2021-01-28 15:26:36,IP Address,100,72,True,2021-01-28 15:26:37,R_3elCUC0mlxnMLEL,anonymous,EN,I agree to participate,70 - 80%,Yes,Never,Post-doc,,0,
2021-01-28 15:39:04,2021-01-28 15:39:42,IP Address,100,38,True,2021-01-28 15:39:43,R_2fwyvga19FjFFZI,anonymous,EN,I agree to participate,70 - 80%,Yes,25 - 50% of the time,Graduate Student,,0,
2021-01-28 15:57:38,2021-01-28 15:58:16,IP Address,100,38,True,2021-01-28 15:58:16,R_2Qh1Zy2o3TcZrEg,anonymous,EN,I agree to participate,30 - 40%,Yes,25 - 50% of the time,Graduate Student,,0,
2021-01-28 15:59:41,2021-01-28 16:00:30,IP Address,100,49,True,2021-01-28 16:00:31,R_3O0LwTMiOb4h1js,anonymous,EN,I agree to participate,50 - 60%,No,,Other,Full time researcher,0,
2021-01-28 16:00:19,2021-01-28 16:01:22,IP Address,100,63,True,2021-01-28 16:01:23,R_1nN2HycLYA69B1A,anonymous,EN,I agree to participate,50 - 60%,Yes,Less than 25% of the time,Faculty,,0,
2021-01-28 16:00:24,2021-01-28 16:01:32,IP Address,100,67,True,2021-01-28 16:01:32,R_C2iuPHOKOkxWufn,anonymous,EN,I agree to participate,20 - 30%,No,,Faculty,,0,
2021-01-28 16:01:02,2021-01-28 16:02:04,IP Address,100,61,True,2021-01-28 16:02:04,R_3MDQkqU2cvdpRRr,anonymous,EN,I agree to participate,50 - 60%,Yes,75% or more of the time,Graduate Student,,0,
2021-01-28 16:02:10,2021-01-28 16:03:35,IP Address,100,84,True,2021-01-28 16:03:35,R_vv4iJF3O0dE8WwF,anonymous,EN,I agree to participate,40 - 50%,Yes,25 - 50% of the time,Graduate Student,,0,
2021-01-28 16:03:30,2021-01-28 16:04:22,IP Address,100,52,True,2021-01-28 16:04:22,R_2SJpMHx8My2Me8z,anonymous,EN,I agree to participate,20 - 30%,No,,Researcher outside academia,,0,
2021-01-28 16:03:46,2021-01-28 16:04:59,IP Address,100,72,True,2021-01-28 16:04:59,R_WpchDk19YJHVYA1,anonymous,EN,I agree to participate,60 - 70%,Yes,Less than 25% of the time,Faculty,,0,
2021-01-28 16:04:20,2021-01-28 16:05:22,IP Address,100,62,True,2021-01-28 16:05:23,R_6PAIaUmpu2eDZW9,anonymous,EN,I agree to participate,70 - 80%,Yes,Never,Graduate Student,,0,
2021-01-28 16:05:49,2021-01-28 16:06:28,IP Address,100,38,True,2021-01-28 16:06:28,R_3EL0wvRTtlbzxje,anonymous,EN,I agree to participate,20 - 30%,Yes,Never,Post-doc,,0,
2021-01-28 16:05:26,2021-01-28 16:06:50,IP Address,100,83,True,2021-01-28 16:06:51,R_3e21LgXdMnbyOQQ,anonymous,EN,I agree to participate,50 - 60%,Yes,Less than 25% of the time,Other,Academic Staff Research Scientist,0,
2021-01-28 16:05:51,2021-01-28 16:07:07,IP Address,100,76,True,2021-01-28 16:07:07,R_2zPhMh65SxFL0Pn,anonymous,EN,I agree to participate,40 - 50%,Yes,Less than 25% of the time,Post-doc,,0,
2021-01-28 16:12:02,2021-01-28 16:12:58,IP Address,100,56,True,2021-01-28 16:12:59,R_2aaUXZQHxwaMCdd,anonymous,EN,I agree to participate,30 - 40%,Yes,Less than 25% of the time,Faculty,,0,
2021-01-28 16:12:21,2021-01-28 16:13:25,IP Address,100,63,True,2021-01-28 16:13:25,R_1n8UCsnF4JrFsyX,anonymous,EN,I agree to participate,90 - 100%,No,,Graduate Student,,0,
2021-01-28 16:13:11,2021-01-28 16:14:12,IP Address,100,60,True,2021-01-28 16:14:12,R_2v1RlUzOnnv8ywJ,anonymous,EN,I agree to participate,30 - 40%,Yes,Never,Faculty,,0,
2021-01-28 16:10:55,2021-01-28 16:14:22,IP Address,100,206,True,2021-01-28 16:14:22,R_2E4bKf8QVIvfnFN,anonymous,EN,I agree to participate,80 - 90%,Yes,Less than 25% of the time,Graduate Student,,0,
2021-01-28 16:13:32,2021-01-28 16:14:41,IP Address,100,69,True,2021-01-28 16:14:42,R_OJcaTQzpBpg93Fv,anonymous,EN,I agree to participate,60 - 70%,No,,Graduate Student,,0,
2021-01-28 16:14:22,2021-01-28 16:16:31,IP Address,100,128,True,2021-01-28 16:16:36,R_DiTD9DO7yp8eX6x,anonymous,EN,I agree to participate,0 - 10%,Yes,75% or more of the time,Faculty,,0,
2021-01-28 16:16:08,2021-01-28 16:18:23,IP Address,100,134,True,2021-01-28 16:18:23,R_3oGCdyCElwbdIhz,anonymous,EN,I agree to participate,50 - 60%,Yes,75% or more of the time,Researcher outside academia,,0,
2021-01-28 16:18:15,2021-01-28 16:19:03,IP Address,100,47,True,2021-01-28 16:19:03,R_XhpU9JWQ0qwyTwB,anonymous,EN,I agree to participate,30 - 40%,Yes,Never,Graduate Student,,0,
2021-01-28 16:18:40,2021-01-28 16:19:29,IP Address,100,49,True,2021-01-28 16:19:30,R_25FIUB6rJtYR0Us,anonymous,EN,I agree to participate,20 - 30%,Yes,25 - 50% of the time,Faculty,,0,
2021-01-28 16:18:48,2021-01-28 16:20:13,IP Address,100,85,True,2021-01-28 16:20:13,R_3nq5ScpzRLmNBcb,anonymous,EN,I agree to participate,70 - 80%,Yes,Less than 25% of the time,Faculty,,0,
2021-01-28 15:18:39,2021-01-28 16:26:31,IP Address,100,4071,True,2021-01-28 16:26:31,R_3mWvWbWCodXR5F7,anonymous,EN,I agree to participate,20 - 30%,Yes,Never,Post-doc,,0,
2021-01-28 16:26:29,2021-01-28 16:27:54,IP Address,100,84,True,2021-01-28 16:27:54,R_3oyEE2sjYQKAR4v,anonymous,EN,I agree to participate,50 - 60%,Yes,Always,Post-doc,,0,
2021-01-28 16:28:52,2021-01-28 16:30:45,IP Address,100,113,True,2021-01-28 16:30:45,R_3mf2QA6SztlxSzX,anonymous,EN,I agree to participate,50 - 60%,No,,Graduate Student,,0,
2021-01-28 16:35:32,2021-01-28 16:36:50,IP Address,100,77,True,2021-01-28 16:36:50,R_2EiunnLcUbM1ir7,anonymous,EN,I agree to participate,80 - 90%,Yes,50 - 75% of the time,Faculty,,0,
2021-01-28 16:36:02,2021-01-28 16:37:08,IP Address,100,65,True,2021-01-28 16:37:08,R_Q4CTmsQ8jRhvyE1,anonymous,EN,I agree to participate,80 - 90%,Yes,Never,Graduate Student,,0,
2021-01-28 16:36:02,2021-01-28 16:37:36,IP Address,100,93,True,2021-01-28 16:37:36,R_3oMYaxVlbjryfiM,anonymous,EN,I agree to participate,40 - 50%,Yes,Less than 25% of the time,Faculty,,0,
2021-01-28 15:35:31,2021-01-28 16:41:02,IP Address,100,3931,True,2021-01-28 16:41:03,R_PI0IMvrVaZFW3hD,anonymous,EN,I agree to participate,50 - 60%,Yes,Never,Researcher outside academia,,0,
2021-01-28 16:42:52,2021-01-28 16:44:45,IP Address,100,112,True,2021-01-28 16:44:45,R_1iqhMcVbUFXi4ZH,anonymous,EN,I agree to participate,50 - 60%,Yes,Never,Faculty,,0,
2021-01-28 16:53:14,2021-01-28 16:55:13,IP Address,100,119,True,2021-01-28 16:55:13,R_CfvbeHKnuSUd1Bv,anonymous,EN,I agree to participate,50 - 60%,Yes,25 - 50% of the time,Post-doc,,0,
2021-01-28 16:58:23,2021-01-28 16:59:26,IP Address,100,63,True,2021-01-28 16:59:27,R_9ZgbheVqD4noJUZ,anonymous,EN,I agree to participate,50 - 60%,No,,Graduate Student,,0,
2021-01-28 17:07:01,2021-01-28 17:09:34,IP Address,100,152,True,2021-01-28 17:09:34,R_3rURDAqVkT9BlxM,anonymous,EN,I agree to participate,20 - 30%,Yes,Less than 25% of the time,Faculty,,1,
2021-01-28 17:10:56,2021-01-28 17:11:49,IP Address,100,52,True,2021-01-28 17:11:49,R_3q9DYujqBQejvY2,anonymous,EN,I agree to participate,40 - 50%,Yes,25 - 50% of the time,Post-doc,,0,
2021-01-28 17:20:06,2021-01-28 17:21:07,IP Address,100,60,True,2021-01-28 17:21:08,R_2CsmOEYo9bib5It,anonymous,EN,I agree to participate,50 - 60%,Yes,Less than 25% of the time,Post-doc,,0,
2021-01-28 17:23:33,2021-01-28 17:25:16,IP Address,100,102,True,2021-01-28 17:25:16,R_qxwrWyTo1Ts9y0h,anonymous,EN,I agree to participate,20 - 30%,Yes,Less than 25% of the time,Faculty,,1,
2021-01-28 17:27:34,2021-01-28 17:29:15,IP Address,100,100,True,2021-01-28 17:29:15,R_3DkxYjBn92cr29S,anonymous,EN,I agree to participate,60 - 70%,Yes,Less than 25% of the time,Faculty,,0,
2021-01-28 17:28:25,2021-01-28 17:29:38,IP Address,100,72,True,2021-01-28 17:29:38,R_1esp08eYqA6XdoD,anonymous,EN,I agree to participate,30 - 40%,Yes,75% or more of the time,Researcher outside academia,,0,
2021-01-28 17:32:03,2021-01-28 17:32:55,IP Address,100,51,True,2021-01-28 17:32:55,R_2pPsT4dNzd6SOq5,anonymous,EN,I agree to participate,50 - 60%,Yes,50 - 75% of the time,Faculty,,0,
2021-01-28 17:37:48,2021-01-28 17:39:08,IP Address,100,79,True,2021-01-28 17:39:09,R_2wdbG9Q4GZBt3Xl,anonymous,EN,I agree to participate,70 - 80%,Yes,Never,Graduate Student,,0,
2021-01-28 17:44:48,2021-01-28 17:46:34,IP Address,100,106,True,2021-01-28 17:46:34,R_2uQ9klcziUYyPGI,anonymous,EN,I agree to participate,50 - 60%,Yes,Less than 25% of the time,Graduate Student,,0,
2021-01-28 17:57:05,2021-01-28 17:57:44,IP Address,100,38,True,2021-01-28 17:57:44,R_UhdtNuNANdPHorf,anonymous,EN,I agree to participate,20 - 30%,Yes,Less than 25% of the time,Graduate Student,,0,
2021-01-28 17:50:57,2021-01-28 18:00:07,IP Address,100,550,True,2021-01-28 18:00:08,R_1NwZMHlxTOrdPPQ,anonymous,EN,I agree to participate,30 - 40%,Yes,75% or more of the time,Post-doc,,0,
2021-01-28 17:59:24,2021-01-28 18:00:31,IP Address,100,66,True,2021-01-28 18:00:32,R_1GWDq2TyXlkYVsj,anonymous,EN,I agree to participate,10 - 20%,Yes,Always,Faculty,,0,
2021-01-28 18:12:56,2021-01-28 18:14:44,IP Address,100,107,True,2021-01-28 18:14:45,R_1K8SfOJsuKk3cpy,anonymous,EN,I agree to participate,20 - 30%,Yes,50 - 75% of the time,Faculty,,0,
2021-01-28 18:13:32,2021-01-28 18:15:26,IP Address,100,113,True,2021-01-28 18:15:26,R_1P5W0jel24RFl7c,anonymous,EN,I agree to participate,50 - 60%,Yes,25 - 50% of the time,Faculty,,0,
2021-01-28 18:16:35,2021-01-28 18:17:58,IP Address,100,82,True,2021-01-28 18:17:58,R_ZEjg6suDvUioimR,anonymous,EN,I agree to participate,20 - 30%,No,,Faculty,,1,
2021-01-28 18:21:19,2021-01-28 18:22:22,IP Address,100,63,True,2021-01-28 18:22:22,R_2Sw6sqjFQdhrPFz,anonymous,EN,I agree to participate,60 - 70%,Yes,Less than 25% of the time,Faculty,,1,
2021-01-28 18:28:47,2021-01-28 18:35:18,IP Address,100,391,True,2021-01-28 18:35:18,R_qxAbOCVxMHA7bO1,anonymous,EN,I agree to participate,60 - 70%,No,,Faculty,,0,
2021-01-28 18:41:54,2021-01-28 18:42:56,IP Address,100,62,True,2021-01-28 18:42:56,R_21HWHnyil67Z7v5,anonymous,EN,I agree to participate,80 - 90%,Yes,Less than 25% of the time,Faculty,,0,
2021-01-28 18:55:54,2021-01-28 19:07:10,IP Address,100,676,True,2021-01-28 19:07:10,R_1qdHEJI1Af6n1DL,anonymous,EN,I agree to participate,70 - 80%,Yes,Less than 25% of the time,Post-doc,,0,
2021-01-28 19:08:25,2021-01-28 19:09:00,IP Address,100,35,True,2021-01-28 19:09:00,R_2qksVdW7hCcGodM,anonymous,EN,I agree to participate,70 - 80%,Yes,50 - 75% of the time,Faculty,,0,
2021-01-28 19:10:11,2021-01-28 19:11:18,IP Address,100,67,True,2021-01-28 19:11:19,R_3knsv8pdA4vizqV,anonymous,EN,I agree to participate,70 - 80%,Yes,Always,Faculty,,0,
2021-01-28 19:11:15,2021-01-28 19:12:04,IP Address,100,48,True,2021-01-28 19:12:04,R_XHWeaUedlFWiVbP,anonymous,EN,I agree to participate,70 - 80%,No,,Researcher outside academia,,0,
2021-01-28 19:33:32,2021-01-28 19:34:21,IP Address,100,48,True,2021-01-28 19:34:21,R_12rO27CfYBFv7LV,anonymous,EN,I agree to participate,40 - 50%,Yes,Less than 25% of the time,Faculty,,0,
2021-01-28 19:38:17,2021-01-28 19:39:04,IP Address,100,47,True,2021-01-28 19:39:05,R_32KCGqO59CaPYt7,anonymous,EN,I agree to participate,30 - 40%,No,,Faculty,,0,
2021-01-28 20:12:01,2021-01-28 20:12:51,IP Address,100,50,True,2021-01-28 20:12:52,R_rrTKfNEXoh6fKLf,anonymous,EN,I agree to participate,40 - 50%,Yes,Never,Faculty,,0,
2021-01-28 20:33:59,2021-01-28 20:35:32,IP Address,100,92,True,2021-01-28 20:35:32,R_2XaqQNHtbI7nY6p,anonymous,EN,I agree to participate,70 - 80%,Yes,75% or more of the time,Graduate Student,,0,
2021-01-28 20:55:27,2021-01-28 20:56:25,IP Address,100,57,True,2021-01-28 20:56:26,R_3elSYZgVDou2Y6u,anonymous,EN,I agree to participate,80 - 90%,Yes,Never,Graduate Student,,0,
2021-01-28 21:12:42,2021-01-28 21:13:54,IP Address,100,72,True,2021-01-28 21:13:55,R_3QGygnEJ7iCvKce,anonymous,EN,I agree to participate,40 - 50%,Yes,Never,Faculty,,0,
2021-01-28 21:24:28,2021-01-28 21:26:06,IP Address,100,97,True,2021-01-28 21:26:06,R_24BLN8PVwR2OODp,anonymous,EN,I agree to participate,60 - 70%,Yes,75% or more of the time,Faculty,,0,
2021-01-28 21:32:59,2021-01-28 21:33:45,IP Address,100,46,True,2021-01-28 21:33:46,R_9ynaFg1H7R6T4Bz,anonymous,EN,I agree to participate,40 - 50%,Yes,50 - 75% of the time,Post-doc,,0,
2021-01-28 21:16:44,2021-01-28 21:34:59,IP Address,100,1094,True,2021-01-28 21:34:59,R_3MhbGyLBsbGAick,anonymous,EN,I agree to participate,50 - 60%,No,,Post-doc,,0,
2021-01-28 21:35:05,2021-01-28 21:36:32,IP Address,100,86,True,2021-01-28 21:36:33,R_1GHpXFzbT40n1jt,anonymous,EN,I agree to participate,50 - 60%,Yes,Never,Researcher outside academia,,0,
2021-01-28 22:32:09,2021-01-28 22:33:19,IP Address,100,69,True,2021-01-28 22:33:19,R_8GKAUiaV3g9xd61,anonymous,EN,I agree to participate,90 - 100%,Yes,Never,Graduate Student,,0,
2021-01-28 22:58:51,2021-01-28 23:00:24,IP Address,100,92,True,2021-01-28 23:00:24,R_ebrRWtVcEMIeNXj,anonymous,EN,I agree to participate,60 - 70%,Yes,50 - 75% of the time,Post-doc,,0,
2021-01-28 23:05:16,2021-01-28 23:06:06,IP Address,100,50,True,2021-01-28 23:06:07,R_3rHf2TlSHnps5bz,anonymous,EN,I agree to participate,10 - 20%,No,,Post-doc,,0,
2021-01-28 23:21:58,2021-01-28 23:22:43,IP Address,100,45,True,2021-01-28 23:22:43,R_3LjYpU5GUjp0qMw,anonymous,EN,I agree to participate,70 - 80%,Yes,Never,Post-doc,,0,
2021-01-28 23:24:13,2021-01-28 23:25:24,IP Address,100,70,True,2021-01-28 23:25:25,R_3PowXrqUZCvvQnY,anonymous,EN,I agree to participate,80 - 90%,No,,Graduate Student,,0,
2021-01-28 23:11:01,2021-01-28 23:26:18,IP Address,100,917,True,2021-01-28 23:26:19,R_5h87oi6xBxEm5ot,anonymous,EN,I agree to participate,10 - 20%,Yes,Never,Post-doc,,1,
2021-01-28 23:45:38,2021-01-28 23:46:07,IP Address,100,29,True,2021-01-28 23:46:08,R_2aXMUEvpeqHWPoc,anonymous,EN,I agree to participate,50 - 60%,Yes,Always,Faculty,,0,
2021-01-28 23:47:57,2021-01-28 23:49:26,IP Address,100,89,True,2021-01-28 23:49:26,R_2ql8Vp6jYv7eWVH,anonymous,EN,I agree to participate,80 - 90%,Yes,75% or more of the time,Post-doc,,0,
2021-01-29 00:50:06,2021-01-29 00:51:11,IP Address,100,64,True,2021-01-29 00:51:11,R_3iXtGuHscXE0h0d,anonymous,EN,I agree to participate,80 - 90%,Yes,50 - 75% of the time,Post-doc,,0,
2021-01-29 01:01:07,2021-01-29 01:01:49,IP Address,100,41,True,2021-01-29 01:01:49,R_24Mos1FQ3SiRW1B,anonymous,EN,I agree to participate,30 - 40%,No,,Researcher outside academia,,0,
2021-01-29 01:54:12,2021-01-29 01:56:25,IP Address,100,133,True,2021-01-29 01:56:25,R_263c6EeIru03efH,anonymous,EN,I agree to participate,60 - 70%,Yes,Never,Faculty,,0,
2021-01-29 02:10:21,2021-01-29 02:11:12,IP Address,100,51,True,2021-01-29 02:11:13,R_2uBQnWQa3W9ayuT,anonymous,EN,I agree to participate,50 - 60%,Yes,25 - 50% of the time,Graduate Student,,0,
2021-01-29 02:28:48,2021-01-29 02:29:38,IP Address,100,49,True,2021-01-29 02:29:38,R_3RsWvYqA0emCFxJ,anonymous,EN,I agree to participate,40 - 50%,Yes,Never,Faculty,,0,
2021-01-29 02:39:23,2021-01-29 02:40:17,IP Address,100,54,True,2021-01-29 02:40:17,R_3CEpcxhraBrf4BS,anonymous,EN,I agree to participate,60 - 70%,No,,Post-doc,,0,
2021-01-29 02:39:36,2021-01-29 02:40:44,IP Address,100,67,True,2021-01-29 02:40:44,R_1OKcbJQqYaSKttu,anonymous,EN,I agree to participate,50 - 60%,Yes,Less than 25% of the time,Post-doc,,0,
2021-01-29 03:42:47,2021-01-29 03:49:58,IP Address,100,431,True,2021-01-29 03:49:58,R_Wlfg5Q5cgENDRbr,anonymous,EN,I agree to participate,60 - 70%,Yes,Never,Other,unemployed,0,
2021-01-29 04:23:24,2021-01-29 04:23:49,IP Address,100,25,True,2021-01-29 04:23:50,R_2ZJpzlfkmgp2d6I,anonymous,EN,I agree to participate,50 - 60%,No,,Post-doc,,0,
2021-01-29 04:27:56,2021-01-29 04:29:43,IP Address,100,106,True,2021-01-29 04:29:43,R_11XevYDPXe5eEwA,anonymous,EN,I agree to participate,50 - 60%,Yes,Always,Faculty,,0,
2021-01-29 04:44:11,2021-01-29 04:45:21,IP Address,100,69,True,2021-01-29 04:45:22,R_1k0agOSkOs0X1vC,anonymous,EN,I agree to participate,70 - 80%,Yes,25 - 50% of the time,Faculty,,0,
2021-01-29 04:48:28,2021-01-29 04:50:07,IP Address,100,99,True,2021-01-29 04:50:08,R_2q4PH1oeCppsCVZ,anonymous,EN,I agree to participate,70 - 80%,Yes,50 - 75% of the time,Post-doc,,0,
2021-01-29 04:50:24,2021-01-29 04:52:12,IP Address,100,108,True,2021-01-29 04:52:13,R_25XFKPoHTBRK5qS,anonymous,EN,I agree to participate,50 - 60%,Yes,Never,Graduate Student,,0,
2021-01-29 05:25:41,2021-01-29 05:27:16,IP Address,100,95,True,2021-01-29 05:27:17,R_RkRMnWtx0msarAt,anonymous,EN,I agree to participate,30 - 40%,Yes,25 - 50% of the time,Researcher outside academia,,0,
2021-01-29 05:27:18,2021-01-29 05:28:49,IP Address,100,90,True,2021-01-29 05:28:49,R_1lAkk5TYacpisWL,anonymous,EN,I agree to participate,20 - 30%,Yes,50 - 75% of the time,Faculty,,1,
2021-01-29 05:40:21,2021-01-29 05:41:38,IP Address,100,77,True,2021-01-29 05:41:39,R_3suoMHnTTGWyGd2,anonymous,EN,I agree to participate,30 - 40%,Yes,Less than 25% of the time,Graduate Student,,0,
2021-01-29 05:44:03,2021-01-29 05:45:30,IP Address,100,86,True,2021-01-29 05:45:30,R_xyCtQCWkCSxMcgh,anonymous,EN,I agree to participate,40 - 50%,Yes,25 - 50% of the time,Post-doc,,0,
2021-01-29 05:46:18,2021-01-29 05:48:05,IP Address,100,106,True,2021-01-29 05:48:06,R_2Xoi2zT5nPU5OYz,anonymous,EN,I agree to participate,80 - 90%,Yes,50 - 75% of the time,Graduate Student,,0,
2021-01-29 05:48:59,2021-01-29 05:49:38,IP Address,100,39,True,2021-01-29 05:49:38,R_24eKASa95TtR7Gx,anonymous,EN,I agree to participate,60 - 70%,No,,Post-doc,,0,
2021-01-29 06:17:35,2021-01-29 06:18:49,IP Address,100,73,True,2021-01-29 06:18:49,R_1KxOH8h0RLmkCuq,anonymous,EN,I agree to participate,80 - 90%,Yes,50 - 75% of the time,Researcher outside academia,,0,
2021-01-29 06:21:40,2021-01-29 06:22:25,IP Address,100,45,True,2021-01-29 06:22:26,R_2CrnDnXUSppo2cE,anonymous,EN,I agree to participate,60 - 70%,Yes,Always,Graduate Student,,0,
2021-01-29 06:39:46,2021-01-29 06:41:16,IP Address,100,89,True,2021-01-29 06:41:17,R_31T76UmEAD4u3iJ,anonymous,EN,I agree to participate,70 - 80%,Yes,50 - 75% of the time,Faculty,,0,
2021-01-29 06:54:15,2021-01-29 06:55:57,IP Address,100,102,True,2021-01-29 06:55:57,R_2WHXReoHyA0o8Xl,anonymous,EN,I agree to participate,70 - 80%,Yes,25 - 50% of the time,Graduate Student,,0,
2021-01-29 07:10:08,2021-01-29 07:11:16,IP Address,100,67,True,2021-01-29 07:11:16,R_Z959hHmTTnr19OF,anonymous,EN,I agree to participate,40 - 50%,No,,Researcher outside academia,,0,
2021-01-29 07:13:01,2021-01-29 07:14:03,IP Address,100,62,True,2021-01-29 07:14:03,R_beVx5g3pUBMORhL,anonymous,EN,I agree to participate,40 - 50%,Yes,50 - 75% of the time,Graduate Student,,0,
2021-01-29 07:18:53,2021-01-29 07:21:17,IP Address,100,144,True,2021-01-29 07:21:17,R_2CTanjzxb3tIuIO,anonymous,EN,I agree to participate,50 - 60%,Yes,Never,Faculty,,1,
2021-01-29 07:48:58,2021-01-29 07:49:52,IP Address,100,53,True,2021-01-29 07:49:52,R_cSxj9Yv3PawhEm5,anonymous,EN,I agree to participate,70 - 80%,Yes,Less than 25% of the time,Faculty,,0,
2021-01-29 07:52:09,2021-01-29 07:53:45,IP Address,100,95,True,2021-01-29 07:53:45,R_b3mkg4tiajjqwyR,anonymous,EN,I agree to participate,90 - 100%,Yes,Less than 25% of the time,Graduate Student,,0,
2021-01-29 08:07:16,2021-01-29 08:09:20,IP Address,100,124,True,2021-01-29 08:09:20,R_2pMmWCmDL1dtgDq,anonymous,EN,I agree to participate,60 - 70%,No,,Researcher outside academia,,0,
2021-01-29 08:22:53,2021-01-29 08:23:41,IP Address,100,48,True,2021-01-29 08:23:42,R_3GrFGARBJmLyAvA,anonymous,EN,I agree to participate,20 - 30%,Yes,75% or more of the time,Faculty,,0,
2021-01-29 08:23:50,2021-01-29 08:24:51,IP Address,100,61,True,2021-01-29 08:24:51,R_2VPY6ZOto6B3qGD,anonymous,EN,I agree to participate,20 - 30%,Yes,Always,Graduate Student,,0,
2021-01-29 08:28:48,2021-01-29 08:29:26,IP Address,100,37,True,2021-01-29 08:29:26,R_C7zzI3glMEvQ2rf,anonymous,EN,I agree to participate,50 - 60%,Yes,Less than 25% of the time,Post-doc,,0,
2021-01-29 09:17:45,2021-01-29 09:35:51,IP Address,100,1086,True,2021-01-29 09:35:52,R_2YwU9mAHvEYWHYC,anonymous,EN,I agree to participate,20 - 30%,Yes,25 - 50% of the time,Faculty,,0,
2021-01-29 09:59:25,2021-01-29 10:00:27,IP Address,100,61,True,2021-01-29 10:00:27,R_1dEMWICGBlGq1y3,anonymous,EN,I agree to participate,40 - 50%,Yes,Less than 25% of the time,Faculty,,0,
2021-01-29 11:06:48,2021-01-29 11:08:58,IP Address,100,130,True,2021-01-29 11:08:59,R_2OJFp1hpC7lpOgp,anonymous,EN,I agree to participate,50 - 60%,Yes,Never,Researcher outside academia,,0,
2021-01-29 11:09:25,2021-01-29 11:10:13,IP Address,100,47,True,2021-01-29 11:10:13,R_1Ldpuu77KJqPlwe,anonymous,EN,I agree to participate,80 - 90%,Yes,Always,Graduate Student,,0,
2021-01-29 11:21:21,2021-01-29 11:22:40,IP Address,100,78,True,2021-01-29 11:22:41,R_1mENKUc4tiLDNFM,anonymous,EN,I agree to participate,30 - 40%,Yes,50 - 75% of the time,Faculty,,0,
2021-01-29 11:53:19,2021-01-29 11:54:50,IP Address,100,90,True,2021-01-29 11:54:51,R_3mY13oi2bBVx3nH,anonymous,EN,I agree to participate,70 - 80%,No,,Other,PhD student,0,
2021-01-29 11:56:44,2021-01-29 11:57:25,IP Address,100,41,True,2021-01-29 11:57:25,R_1CCKTMcCvyixjO5,anonymous,EN,I agree to participate,70 - 80%,Yes,Less than 25% of the time,Post-doc,,1,
2021-01-29 13:25:46,2021-01-29 13:26:37,IP Address,100,51,True,2021-01-29 13:26:37,R_2trpwGGNfjzfb1k,anonymous,EN,I agree to participate,90 - 100%,Yes,Never,Faculty,,0,
2021-01-29 14:59:08,2021-01-29 15:00:46,IP Address,100,97,True,2021-01-29 15:00:46,R_2DYbzytvdIJE4HL,anonymous,EN,I agree to participate,70 - 80%,Yes,Less than 25% of the time,Post-doc,,0,
2021-01-29 15:00:25,2021-01-29 15:01:48,IP Address,100,82,True,2021-01-29 15:01:48,R_3ir2GZFtNkVZvY9,anonymous,EN,I agree to participate,40 - 50%,No,,Faculty,,0,
2021-01-29 15:47:03,2021-01-29 15:48:38,IP Address,100,95,True,2021-01-29 15:48:39,R_6nG7QfmGqYrLQL7,anonymous,EN,I agree to participate,40 - 50%,Yes,75% or more of the time,Graduate Student,,0,
2021-01-29 16:39:58,2021-01-29 16:41:33,IP Address,100,94,True,2021-01-29 16:41:33,R_31TLmgWOwCgY1vE,anonymous,EN,I agree to participate,40 - 50%,Yes,Less than 25% of the time,Graduate Student,,0,
2021-01-29 20:00:07,2021-01-29 20:01:34,IP Address,100,87,True,2021-01-29 20:01:35,R_22z8oi5DyrIAVoX,anonymous,EN,I agree to participate,60 - 70%,Yes,Always,Faculty,,0,
2021-01-29 20:10:07,2021-01-29 20:11:53,IP Address,100,105,True,2021-01-29 20:11:53,R_22xmI0a46tnHbnm,anonymous,EN,I agree to participate,20 - 30%,Yes,Never,Graduate Student,,1,
2021-01-29 20:17:22,2021-01-29 20:18:10,IP Address,100,47,True,2021-01-29 20:18:10,R_3dSKyKiqFQVrNwy,anonymous,EN,I agree to participate,50 - 60%,No,,Researcher outside academia,,0,
2021-01-29 20:28:06,2021-01-29 20:29:24,IP Address,100,78,True,2021-01-29 20:29:24,R_3MnvSSPjFwVGBZU,anonymous,EN,I agree to participate,60 - 70%,Yes,25 - 50% of the time,Faculty,,0,
2021-01-29 20:28:18,2021-01-29 20:30:28,IP Address,100,130,True,2021-01-29 20:30:29,R_3nSLik1uXxVQmFv,anonymous,EN,I agree to participate,70 - 80%,Yes,Always,Faculty,,0,
2021-01-29 21:49:19,2021-01-29 21:50:24,IP Address,100,64,True,2021-01-29 21:50:25,R_1BXe3H1BUyP8TE7,anonymous,EN,I agree to participate,70 - 80%,Yes,Never,Faculty,,0,
2021-01-29 23:32:45,2021-01-29 23:34:15,IP Address,100,89,True,2021-01-29 23:34:15,R_x9s6xcpw9zIQ79D,anonymous,EN,I agree to participate,50 - 60%,Yes,25 - 50% of the time,Faculty,,0,
2021-01-30 00:31:49,2021-01-30 00:32:48,IP Address,100,58,True,2021-01-30 00:32:48,R_ZqPcZpMWtoiZDXj,anonymous,EN,I agree to participate,30 - 40%,Yes,Less than 25% of the time,Post-doc,,0,
2021-01-30 00:49:38,2021-01-30 00:50:36,IP Address,100,57,True,2021-01-30 00:50:36,R_3iwk3HmYi2RoMYD,anonymous,EN,I agree to participate,60 - 70%,Yes,Never,Faculty,,0,
2021-01-30 00:59:52,2021-01-30 01:02:22,IP Address,100,150,True,2021-01-30 01:02:23,R_6kR38zCEoeOH8OJ,anonymous,EN,I agree to participate,10 - 20%,Yes,Less than 25% of the time,Post-doc,,0,
2021-01-30 01:51:41,2021-01-30 01:52:03,Spam,100,21,True,2021-01-30 01:52:03,R_2OIu7CjyxidGalC,anonymous,EN,I do not agree to participate,,,,,,0,
2021-01-30 02:35:44,2021-01-30 02:36:44,IP Address,100,60,True,2021-01-30 02:36:45,R_OJ4LMmGPyQ0LatX,anonymous,EN,I agree to participate,20 - 30%,Yes,75% or more of the time,Graduate Student,,0,
2021-01-30 02:46:00,2021-01-30 02:48:39,IP Address,100,159,True,2021-01-30 02:48:40,R_2doIiF4eJdnCvKq,anonymous,EN,I agree to participate,60 - 70%,Yes,Always,Faculty,,0,
2021-01-30 02:54:12,2021-01-30 02:55:15,IP Address,100,63,True,2021-01-30 02:55:16,R_1gtFCpRmz2c8HMB,anonymous,EN,I agree to participate,60 - 70%,Yes,Never,Faculty,,0,
2021-01-30 02:56:05,2021-01-30 02:56:40,IP Address,100,34,True,2021-01-30 02:56:40,R_2E5FQIpGEcIgPHw,anonymous,EN,I agree to participate,50 - 60%,Yes,75% or more of the time,Faculty,,0,
2021-01-30 02:52:31,2021-01-30 02:56:51,IP Address,100,260,True,2021-01-30 02:56:52,R_sjvXHJ1qHkOXkaJ,anonymous,EN,I agree to participate,70 - 80%,Yes,Never,Faculty,,0,
2021-01-29 15:32:35,2021-01-30 03:14:47,IP Address,100,42131,True,2021-01-30 03:14:47,R_2aXpmmJZMUkR1Vb,anonymous,EN,I agree to participate,70 - 80%,Yes,Never,Faculty,,0,
2021-01-30 03:15:12,2021-01-30 03:17:01,IP Address,100,109,True,2021-01-30 03:17:02,R_2uQwXqMCaLOQWSY,anonymous,EN,I agree to participate,60 - 70%,Yes,Less than 25% of the time,Researcher outside academia,,0,
2021-01-30 03:16:25,2021-01-30 03:17:12,IP Address,100,46,True,2021-01-30 03:17:12,R_3rNVzcp4RDs2TYC,anonymous,EN,I agree to participate,50 - 60%,Yes,Less than 25% of the time,Faculty,,0,
2021-01-30 03:26:08,2021-01-30 03:26:48,IP Address,100,39,True,2021-01-30 03:26:49,R_pxXTCHfSI1f6O4h,anonymous,EN,I agree to participate,50 - 60%,No,,Researcher outside academia,,0,
2021-01-30 03:29:38,2021-01-30 03:30:28,IP Address,100,50,True,2021-01-30 03:30:29,R_2WUQz5s0pXXa3cZ,anonymous,EN,I agree to participate,10 - 20%,Yes,Less than 25% of the time,Faculty,,0,
2021-01-30 03:53:29,2021-01-30 03:54:13,IP Address,100,43,True,2021-01-30 03:54:13,R_5do6mQtlFDRcmGt,anonymous,EN,I agree to participate,50 - 60%,Yes,25 - 50% of the time,Faculty,,0,
2021-01-30 04:43:37,2021-01-30 04:44:15,IP Address,100,37,True,2021-01-30 04:44:15,R_1daYnjh0aVAY8s3,anonymous,EN,I agree to participate,50 - 60%,No,,Faculty,,0,
2021-01-30 05:53:23,2021-01-30 05:53:54,IP Address,100,31,True,2021-01-30 05:53:54,R_UGPrzMmo3pD0MQ9,anonymous,EN,I agree to participate,20 - 30%,No,,Graduate Student,,0,
2021-01-30 07:22:46,2021-01-30 07:26:05,IP Address,100,199,True,2021-01-30 07:26:06,R_1EYUUClVrrR3Rc0,anonymous,EN,I agree to participate,50 - 60%,Yes,Never,Faculty,,0,
2021-01-30 07:47:49,2021-01-30 07:48:34,IP Address,100,45,True,2021-01-30 07:48:34,R_w0FGQVKDed4nnK9,anonymous,EN,I agree to participate,20 - 30%,Yes,Never,Post-doc,,0,
2021-01-30 08:20:33,2021-01-30 08:25:02,IP Address,100,268,True,2021-01-30 08:25:03,R_OIM2o4jESx7peWB,anonymous,EN,I agree to participate,40 - 50%,No,,Other,Vegetation ecologist (inventorying and ecological community mapping),0,
2021-01-30 08:38:12,2021-01-30 08:39:06,IP Address,100,53,True,2021-01-30 08:39:06,R_3ew6kcoXnbjT4qV,anonymous,EN,I agree to participate,80 - 90%,Yes,Less than 25% of the time,Researcher outside academia,,0,
2021-01-30 08:46:57,2021-01-30 08:48:02,IP Address,100,65,True,2021-01-30 08:48:03,R_3LXwCSyp9ZP8oxb,anonymous,EN,I agree to participate,60 - 70%,No,,Graduate Student,,0,
2021-01-30 08:51:41,2021-01-30 08:52:24,IP Address,100,43,True,2021-01-30 08:52:25,R_2EiACD9tRWoD2wY,anonymous,EN,I agree to participate,20 - 30%,Yes,Always,Faculty,,0,
2021-01-30 09:31:21,2021-01-30 09:32:24,IP Address,100,62,True,2021-01-30 09:32:24,R_30esyWrK3fHiEq1,anonymous,EN,I agree to participate,20 - 30%,Yes,Never,Graduate Student,,0,
2021-01-30 10:21:23,2021-01-30 10:23:23,IP Address,100,120,True,2021-01-30 10:23:23,R_3JKPnVSJhkHoxWR,anonymous,EN,I agree to participate,70 - 80%,Yes,75% or more of the time,Researcher outside academia,,0,
2021-01-30 10:56:29,2021-01-30 10:56:51,IP Address,100,21,True,2021-01-30 10:56:51,R_28CBfeDmdYKxL10,anonymous,EN,I agree to participate,30 - 40%,No,,Faculty,,0,
2021-01-30 11:02:20,2021-01-30 11:03:28,IP Address,100,68,True,2021-01-30 11:03:28,R_O3FFIYWJsmwxVMR,anonymous,EN,I agree to participate,40 - 50%,No,,Researcher outside academia,,0,
2021-01-30 11:10:02,2021-01-30 11:11:06,IP Address,100,63,True,2021-01-30 11:11:06,R_D2lIh6XfDso82Xv,anonymous,EN,I agree to participate,30 - 40%,Yes,25 - 50% of the time,Researcher outside academia,,0,
2021-01-30 11:09:27,2021-01-30 11:11:35,IP Address,100,128,True,2021-01-30 11:11:35,R_1j7zuul22EQMJHr,anonymous,EN,I agree to participate,80 - 90%,Yes,Less than 25% of the time,Graduate Student,,0,
2021-01-30 11:32:28,2021-01-30 11:33:54,IP Address,100,86,True,2021-01-30 11:33:55,R_3Jqo1Mv7YU4Shg3,anonymous,EN,I agree to participate,40 - 50%,Yes,25 - 50% of the time,Post-doc,,0,
2021-01-30 11:54:36,2021-01-30 11:55:51,IP Address,100,74,True,2021-01-30 11:55:52,R_21jodSW2CtbyoTu,anonymous,EN,I agree to participate,50 - 60%,Yes,25 - 50% of the time,Post-doc,,0,
2021-01-30 12:07:31,2021-01-30 12:08:40,IP Address,100,69,True,2021-01-30 12:08:40,R_RFj14z387UOLasp,anonymous,EN,I agree to participate,40 - 50%,Yes,75% or more of the time,Researcher outside academia,,0,
2021-01-30 13:39:07,2021-01-30 13:39:57,IP Address,100,49,True,2021-01-30 13:39:57,R_25GBpiSYlIsoFcJ,anonymous,EN,I agree to participate,80 - 90%,No,,Faculty,,0,
2021-01-30 14:18:06,2021-01-30 14:18:56,IP Address,100,50,True,2021-01-30 14:18:57,R_3NQf6wimJb5QYeW,anonymous,EN,I agree to participate,30 - 40%,Yes,Never,Post-doc,,0,
2021-01-30 14:37:49,2021-01-30 14:38:29,IP Address,100,39,True,2021-01-30 14:38:29,R_3oI0vtLPbT4bY1k,anonymous,EN,I agree to participate,40 - 50%,Yes,Less than 25% of the time,Faculty,,0,
2021-01-31 05:51:11,2021-01-31 05:52:17,IP Address,100,66,True,2021-01-31 05:52:18,R_3ea7wAya3IvXCxf,anonymous,EN,I agree to participate,50 - 60%,Yes,Never,Faculty,,0,
2021-01-31 07:03:34,2021-01-31 07:09:47,IP Address,100,372,True,2021-01-31 07:09:47,R_d5Yt2JiR1SzTn6F,anonymous,EN,I agree to participate,50 - 60%,Yes,Less than 25% of the time,Researcher outside academia,,0,
2021-01-31 09:43:41,2021-01-31 09:45:01,IP Address,100,79,True,2021-01-31 09:45:01,R_W6bRi9d6OPUF7sR,anonymous,EN,I agree to participate,60 - 70%,Yes,50 - 75% of the time,Graduate Student,,0,
2021-01-31 11:03:23,2021-01-31 11:04:34,IP Address,100,71,True,2021-01-31 11:04:34,R_1kUNuDM5Dbu64vl,anonymous,EN,I agree to participate,50 - 60%,Yes,50 - 75% of the time,Researcher outside academia,,0,
2021-01-31 19:12:52,2021-01-31 19:13:35,IP Address,100,43,True,2021-01-31 19:13:36,R_ujIx3if2bwB7fGN,anonymous,EN,I agree to participate,60 - 70%,No,,Other,Intern,0,
2021-02-01 04:16:18,2021-02-01 04:23:08,IP Address,100,410,True,2021-02-01 04:23:09,R_2w16DeomZuuucSf,anonymous,EN,I agree to participate,60 - 70%,Yes,50 - 75% of the time,Researcher outside academia,,0,
2021-02-01 08:39:17,2021-02-01 08:40:37,IP Address,100,79,True,2021-02-01 08:40:37,R_2uUQkJBad1IO198,anonymous,EN,I agree to participate,60 - 70%,Yes,25 - 50% of the time,Graduate Student,,0,
2021-02-01 09:48:37,2021-02-01 09:50:44,IP Address,100,126,True,2021-02-01 09:50:45,R_3nwQqnD6mekd987,anonymous,EN,I agree to participate,60 - 70%,Yes,Always,Post-doc,,0,
2021-02-01 12:37:33,2021-02-01 12:38:22,IP Address,100,49,True,2021-02-01 12:38:22,R_DSF0efCRLME2bYd,anonymous,EN,I agree to participate,30 - 40%,Yes,Never,Graduate Student,,0,
2021-02-01 12:49:19,2021-02-01 12:50:28,IP Address,100,68,True,2021-02-01 12:50:28,R_2v7yD13oeijILOl,anonymous,EN,I agree to participate,50 - 60%,Yes,Always,Graduate Student,,0,
2021-02-01 13:33:17,2021-02-01 13:34:17,IP Address,100,60,True,2021-02-01 13:34:17,R_3hfPlAsr5pUJd49,anonymous,EN,I agree to participate,50 - 60%,Yes,50 - 75% of the time,Graduate Student,,0,
2021-02-02 02:59:53,2021-02-02 03:07:05,IP Address,100,431,True,2021-02-02 03:07:05,R_2X1moq1b7uj8bLo,anonymous,EN,I agree to participate,50 - 60%,Yes,Less than 25% of the time,Graduate Student,,0,
2021-02-02 07:00:56,2021-02-02 07:04:52,IP Address,100,235,True,2021-02-02 07:04:52,R_VI6knQhCXlNyQz7,anonymous,EN,I agree to participate,10 - 20%,Yes,Less than 25% of the time,Post-doc,,0,
2021-02-02 14:35:30,2021-02-02 14:36:42,IP Address,100,72,True,2021-02-02 14:36:42,R_3MlIEddVa5PGZ9f,anonymous,EN,I agree to participate,50 - 60%,Yes,Less than 25% of the time,Other,environmental scientist for a state government,0,
2021-02-03 11:19:40,2021-02-03 11:40:09,IP Address,100,1229,True,2021-02-03 11:40:10,R_1IBpoRJjkzrQeUT,anonymous,EN,I agree to participate,80 - 90%,Yes,Never,Faculty,,0,
2021-02-03 11:19:46,2021-02-03 12:53:11,IP Address,100,5605,True,2021-02-03 12:53:11,R_pzcoL2OjQUhfJvz,anonymous,EN,I agree to participate,30 - 40%,Yes,Never,Faculty,,0,
2021-01-28 10:50:20,2021-01-28 10:52:07,Spam,17,106,False,2021-02-04 10:52:08,R_3npzqbG7bmUCLrO,anonymous,EN,I agree to participate,,,,,,0,
2021-01-28 11:13:37,2021-01-28 11:13:59,Spam,17,21,False,2021-02-04 11:14:00,R_2WVySOoI5jRns5O,anonymous,EN,I agree to participate,,,,,,0,
2021-01-28 11:14:23,2021-01-28 11:14:40,IP Address,17,17,False,2021-02-04 11:14:43,R_28B489m71AJKmIz,anonymous,EN,I agree to participate,,,,,,0,
2021-01-28 12:30:21,2021-01-28 12:30:33,Spam,17,11,False,2021-02-04 12:30:35,R_z0GdP7j6I8qVl5f,anonymous,EN,I agree to participate,,,,,,0,
2021-01-28 12:37:31,2021-01-28 12:37:45,Spam,17,13,False,2021-02-04 12:37:45,R_R8nEoq41CuxfFNn,anonymous,EN,I agree to participate,,,,,,0,
2021-01-28 14:34:52,2021-01-28 14:34:59,Spam,17,6,False,2021-02-04 14:35:02,R_PLGPPXrYhWMEtGh,anonymous,EN,I agree to participate,,,,,,0,
2021-01-28 16:07:09,2021-01-28 16:07:42,Spam,17,33,False,2021-02-04 16:07:43,R_1Q4VNOPvCix7bgf,anonymous,EN,I agree to participate,,,,,,0,
2021-01-28 16:11:28,2021-01-28 16:12:00,Spam,17,31,False,2021-02-04 16:12:04,R_OeBpLn5n10JElIB,anonymous,EN,I agree to participate,,,,,,0,
2021-01-28 16:15:29,2021-01-28 16:22:18,Spam,17,409,False,2021-02-04 16:22:19,R_eKcp1nirzO0sxwd,anonymous,EN,I agree to participate,,,,,,1,
2021-01-28 16:35:12,2021-01-28 16:35:30,Spam,17,18,False,2021-02-04 16:35:35,R_1IWTgLXeth6XfMT,anonymous,EN,I agree to participate,,,,,,0,
2021-01-28 16:40:40,2021-01-28 16:41:00,Spam,17,20,False,2021-02-04 16:41:06,R_qRrFPBBIIwydoqd,anonymous,EN,I agree to participate,,,,,,0,
2021-01-28 16:45:04,2021-01-28 16:45:09,Spam,17,5,False,2021-02-04 16:45:10,R_2ALpsHwjRWZr1Jv,anonymous,EN,I agree to participate,,,,,,1,
2021-01-28 16:55:27,2021-01-28 16:55:43,Spam,17,15,False,2021-02-04 16:55:44,R_DiutKXxFKIjKurL,anonymous,EN,I agree to participate,,,,,,0,
2021-01-28 17:02:41,2021-01-28 17:03:04,Spam,17,23,False,2021-02-04 17:03:05,R_tQYqJfe80VgAePv,anonymous,EN,I agree to participate,,,,,,0,
2021-01-28 17:10:08,2021-01-28 17:10:50,Spam,17,41,False,2021-02-04 17:10:50,R_3F4fFZ9NXA8IYas,anonymous,EN,I agree to participate,,,,,,0,
2021-01-28 17:45:47,2021-01-28 17:46:02,Spam,17,14,False,2021-02-04 17:46:03,R_3r7yo5dWNgXPnIl,anonymous,EN,I agree to participate,,,,,,0,
2021-01-28 18:26:04,2021-01-28 18:29:43,Spam,17,218,False,2021-02-04 18:29:48,R_3QJmfHWpzEJ7BYO,anonymous,EN,I agree to participate,,,,,,0,
2021-01-28 18:41:44,2021-01-28 18:42:02,Spam,17,17,False,2021-02-04 18:42:05,R_1OBpkV2fyrhck1n,anonymous,EN,I agree to participate,,,,,,0,
2021-01-28 19:31:37,2021-01-28 19:33:02,IP Address,67,84,False,2021-02-04 19:33:03,R_1erYHSiQ4A3VoqL,anonymous,EN,I agree to participate,40 - 50%,Yes,Always,,,0,
2021-02-04 20:39:14,2021-02-04 20:39:58,IP Address,100,44,True,2021-02-04 20:39:58,R_2ALHXbaY5iEm1Ly,anonymous,EN,I agree to participate,60 - 70%,Yes,Less than 25% of the time,Faculty,,0,
2021-01-28 23:25:32,2021-01-28 23:25:37,IP Address,17,4,False,2021-02-04 23:25:40,R_1hHhPxwOY83m8bL,anonymous,EN,,,,,,,0,
2021-01-28 23:37:52,2021-01-28 23:38:33,IP Address,50,40,False,2021-02-04 23:38:38,R_2doHchs7PeU4VH9,anonymous,EN,I agree to participate,80 - 90%,Yes,,,,0,
2021-01-29 02:03:05,2021-01-29 02:03:11,IP Address,17,5,False,2021-02-05 02:03:12,R_29agHJHleUMrHye,anonymous,EN,I agree to participate,,,,,,0,
2021-01-29 02:41:24,2021-01-29 02:41:30,Spam,17,5,False,2021-02-05 02:41:31,R_vrF4RmGVH1yD8lP,anonymous,EN,I agree to participate,,,,,,0,
2021-01-29 04:50:13,2021-01-29 04:50:19,Spam,17,6,False,2021-02-05 04:50:20,R_3lXgEkZJfNv3mJG,anonymous,EN,I agree to participate,,,,,,0,
2021-02-05 08:53:57,2021-02-05 08:57:11,IP Address,100,193,True,2021-02-05 08:57:12,R_23qbb5AdISx1uhj,anonymous,EN,I agree to participate,20 - 30%,Yes,Less than 25% of the time,Post-doc,,0,
2021-01-28 22:34:58,2021-01-29 09:48:06,IP Address,50,40388,False,2021-02-05 09:48:07,R_1CpvH0a25C2KZtu,anonymous,EN,I agree to participate,50 - 60%,Yes,,,,1,
2021-02-05 10:35:20,2021-02-05 10:37:20,IP Address,100,120,True,2021-02-05 10:37:21,R_1GIZNyg2ON8sBmC,anonymous,EN,I agree to participate,30 - 40%,Yes,Less than 25% of the time,Faculty,,0,
2021-01-29 14:32:12,2021-01-29 14:32:29,Spam,17,16,False,2021-02-05 14:32:30,R_1IAzO0gKEYy4clL,anonymous,EN,I agree to participate,,,,,,0,
2021-02-05 16:40:30,2021-02-05 16:41:41,IP Address,100,70,True,2021-02-05 16:41:41,R_pu5KxnF2nwTD2H7,anonymous,EN,I agree to participate,50 - 60%,Yes,50 - 75% of the time,Graduate Student,,0,
2021-01-30 00:54:53,2021-01-30 00:55:09,IP Address,17,16,False,2021-02-06 00:55:12,R_2rvE3Aeo5tmrEF5,anonymous,EN,I agree to participate,,,,,,0,
2021-01-30 02:54:45,2021-01-30 02:55:51,IP Address,50,65,False,2021-02-06 02:55:52,R_3EuM4uQWIydJYD8,anonymous,EN,I agree to participate,60 - 70%,Yes,,,,0,
2021-01-30 07:43:58,2021-01-30 07:44:54,IP Address,33,55,False,2021-02-06 07:44:55,R_1mr8gtvitN9AkeZ,anonymous,EN,I agree to participate,40 - 50%,,,,,0,
2021-02-06 10:07:50,2021-02-06 10:09:04,IP Address,100,73,True,2021-02-06 10:09:04,R_3RmdyPq1OrhpGQM,anonymous,EN,I agree to participate,30 - 40%,Yes,Less than 25% of the time,Faculty,,0,
2021-01-30 10:58:38,2021-01-30 10:58:47,Spam,17,9,False,2021-02-06 10:58:50,R_3Of8PPdXISg8reF,anonymous,EN,I agree to participate,,,,,,0,
2021-01-30 11:10:38,2021-01-30 11:11:05,Spam,17,26,False,2021-02-06 11:11:06,R_3fipes0JYFSnfr6,anonymous,EN,I agree to participate,,,,,,0,
2021-01-30 14:33:43,2021-01-30 14:34:45,IP Address,67,62,False,2021-02-06 14:34:48,R_XttNf2DdBOdxUyd,anonymous,EN,I agree to participate,20 - 30%,No,,,,0,
2021-02-01 02:57:22,2021-02-01 02:57:44,Spam,17,22,False,2021-02-08 02:57:45,R_2uJ1c8gk22ogKqs,anonymous,EN,I agree to participate,,,,,,0,
2021-02-08 15:06:15,2021-02-08 15:08:48,IP Address,100,153,True,2021-02-08 15:08:50,R_Ck3SCKX7TUXWUPn,anonymous,EN,I agree to participate,70 - 80%,Yes,75% or more of the time,Faculty,,0,
2021-02-08 15:09:11,2021-02-08 15:10:03,IP Address,100,51,True,2021-02-08 15:10:03,R_25HsoAhCBecVVnn,anonymous,EN,I agree to participate,90 - 100%,No,,Post-doc,,0,
2021-02-08 15:23:41,2021-02-08 15:25:00,IP Address,100,79,True,2021-02-08 15:25:01,R_Zlz49Y1eWa7SoJH,anonymous,EN,I agree to participate,30 - 40%,Yes,25 - 50% of the time,Graduate Student,,0,
2021-02-08 19:27:16,2021-02-08 19:28:03,IP Address,100,46,True,2021-02-08 19:28:03,R_3RmAqEVXOOgDwil,anonymous,EN,I agree to participate,60 - 70%,Yes,Less than 25% of the time,Post-doc,,0,
2021-02-08 19:42:40,2021-02-08 19:43:25,IP Address,100,44,True,2021-02-08 19:43:25,R_1LUwpodkbrL2OCZ,anonymous,EN,I agree to participate,50 - 60%,No,,Researcher outside academia,,0,
2021-02-09 03:54:00,2021-02-09 03:55:21,IP Address,100,80,True,2021-02-09 03:55:21,R_XS6D5DmU1sZ7mw1,anonymous,EN,I agree to participate,80 - 90%,Yes,75% or more of the time,Faculty,,0,
2021-02-09 06:28:44,2021-02-10 11:55:23,IP Address,100,105998,True,2021-02-10 11:55:23,R_2fANnfnodou7Edd,anonymous,EN,I agree to participate,50 - 60%,Yes,25 - 50% of the time,Faculty,,0,
2021-02-03 11:19:42,2021-02-03 12:48:16,Spam,17,5313,False,2021-02-10 12:48:17,R_1hYCZeajfn6f50K,anonymous,EN,I agree to participate,,,,,,0,
2021-02-12 12:10:37,2021-02-12 12:10:52,IP Address,100,14,True,2021-02-12 12:10:53,R_3Rjy2NCTaWNFKA5,anonymous,EN,I do not agree to participate,,,,,,0,
